Time,Number of Cells,Max Depth,Min Depth,Ave Depth,Temp (Bottom), Temp (Top), Salinity (Bottom), Salinity (Top),Oxygen (Bottom),Oxygen (top),Age (Bottom),Age (top),NH4 (Bottom),NH4 (top)
20/03/2017 00:00:01,1,1.0772,1.0772,1.0772,23.8732,23.8477,44.1295,44.1300,7.0864,7.0887,135.9865,135.9847,0.0021,0.0021
20/03/2017 02:00:08,1,1.0713,1.0713,1.0713,23.5420,23.5151,44.1389,44.1397,6.8671,6.8681,136.2982,136.3095,0.0022,0.0022
20/03/2017 04:00:04,1,1.0591,1.0591,1.0591,23.1877,23.1605,44.1480,44.1487,6.6691,6.6703,136.7729,136.7809,0.0023,0.0023
20/03/2017 06:00:03,1,1.0506,1.0506,1.0506,22.8578,22.8324,44.1538,44.1543,6.4795,6.4816,137.3136,137.3197,0.0024,0.0024
20/03/2017 08:00:08,1,1.0435,1.0435,1.0435,22.6716,22.6591,44.1564,44.1572,6.4243,6.4252,137.7837,137.8043,0.0024,0.0024
20/03/2017 10:00:07,1,1.0387,1.0387,1.0387,22.8209,23.8603,44.1561,44.1651,7.3354,6.7133,138.2134,139.6968,0.0024,0.0025
20/03/2017 12:00:01,1,1.0356,1.0356,1.0356,23.0546,26.3479,44.1562,44.1494,8.8206,6.9792,138.5491,141.3309,0.0024,0.0025
20/03/2017 14:00:00,1,1.0331,1.0331,1.0331,23.3044,28.4703,44.1527,44.1453,10.1466,6.9124,138.8588,143.9123,0.0024,0.0027
20/03/2017 16:00:07,1,1.0207,1.0207,1.0207,23.4077,27.6074,44.1262,44.1635,10.3945,7.1427,138.5320,141.5882,0.0023,0.0023
20/03/2017 18:00:01,1,1.0270,1.0270,1.0270,23.3425,26.0357,44.0934,44.1626,9.1590,7.3659,137.3374,139.5660,0.0023,0.0020
20/03/2017 20:00:00,1,1.0614,1.0614,1.0614,23.2372,24.7845,44.0561,44.1044,7.5049,7.4568,135.8315,136.0457,0.0023,0.0018
20/03/2017 22:00:01,1,1.0869,1.0869,1.0869,23.2223,24.2966,44.0317,44.0525,6.5476,7.4446,135.0274,134.1593,0.0023,0.0017
21/03/2017 00:00:03,1,1.0829,1.0829,1.0829,23.2476,23.7822,44.0269,44.0528,5.6516,7.4413,134.9455,134.0436,0.0025,0.0018
21/03/2017 02:00:07,1,1.0783,1.0783,1.0783,23.3762,23.3596,44.0354,44.0371,6.8455,6.9870,134.0979,134.0441,0.0020,0.0020
21/03/2017 04:00:03,1,1.0701,1.0701,1.0701,23.1259,23.1034,44.0411,44.0415,6.7575,6.7593,134.2561,134.2586,0.0021,0.0021
21/03/2017 06:00:08,1,1.0576,1.0576,1.0576,22.8393,22.8145,44.0498,44.0504,6.5494,6.5506,134.5703,134.5812,0.0021,0.0021
21/03/2017 08:00:00,1,1.0506,1.0506,1.0506,22.7324,22.8440,44.0545,44.0618,6.4462,6.5213,134.8230,134.9284,0.0022,0.0022
21/03/2017 10:00:02,1,1.0482,1.0482,1.0482,22.8802,24.3672,44.0574,44.0589,7.3917,6.8870,135.1605,135.1100,0.0022,0.0020
21/03/2017 12:00:06,1,1.0531,1.0531,1.0531,23.1180,26.5632,44.0604,44.0320,8.7558,7.2238,135.6636,133.7144,0.0022,0.0018
21/03/2017 14:00:05,1,1.0501,1.0501,1.0501,23.3837,27.2845,44.0514,44.0961,9.9592,7.3382,136.1481,135.8035,0.0022,0.0018
21/03/2017 16:00:04,1,1.0300,1.0300,1.0300,23.5304,26.6419,44.0228,44.1076,9.7213,7.4705,135.6016,136.3448,0.0020,0.0017
21/03/2017 18:00:03,1,1.0340,1.0340,1.0340,23.4934,25.4524,43.9921,44.0715,8.8478,7.6005,134.6741,135.1626,0.0020,0.0015
21/03/2017 20:00:01,1,1.0454,1.0454,1.0454,23.5290,24.3520,43.9708,44.0374,7.3528,7.5444,133.9843,133.8952,0.0021,0.0016
21/03/2017 22:00:00,1,1.0691,1.0691,1.0691,23.6682,23.6320,44.0036,44.0054,7.2195,7.2213,133.2254,133.2382,0.0017,0.0017
22/03/2017 00:00:03,1,1.0817,1.0817,1.0817,23.2664,23.2315,43.9967,43.9973,7.0314,7.0365,132.7569,132.7324,0.0018,0.0018
22/03/2017 02:00:04,1,1.0800,1.0800,1.0800,22.8942,22.8629,44.0028,44.0040,6.8638,6.8652,132.7309,132.7385,0.0018,0.0018
22/03/2017 04:00:02,1,1.0661,1.0661,1.0661,22.5089,22.4795,44.0255,44.0265,6.6622,6.6641,133.2819,133.2893,0.0019,0.0019
22/03/2017 06:00:06,1,1.0544,1.0544,1.0544,22.1531,22.1248,44.0408,44.0416,6.4924,6.4944,133.7630,133.7698,0.0020,0.0020
22/03/2017 08:00:07,1,1.0466,1.0466,1.0466,21.9465,21.9562,44.0546,44.0579,6.4509,6.4560,134.3031,134.3780,0.0021,0.0021
22/03/2017 10:00:02,1,1.0423,1.0423,1.0423,22.1339,22.6197,44.0572,44.0863,7.1799,6.7654,134.5710,135.7000,0.0020,0.0021
22/03/2017 12:00:07,1,1.0363,1.0363,1.0363,22.5575,23.6772,44.0610,44.1155,8.0021,7.1265,135.4477,138.0181,0.0020,0.0022
22/03/2017 14:00:08,1,1.0302,1.0302,1.0302,23.0498,24.4366,44.0565,44.1210,8.4892,7.4212,136.1345,138.7086,0.0020,0.0021
22/03/2017 16:00:04,1,1.0310,1.0310,1.0310,23.5519,24.7815,44.0658,44.1103,8.7327,7.5964,136.8527,138.1879,0.0020,0.0020
22/03/2017 18:00:07,1,1.0220,1.0220,1.0220,24.4208,24.3836,44.1003,44.1019,7.5760,7.5670,138.0250,138.0474,0.0020,0.0020
22/03/2017 20:00:06,1,1.0123,1.0123,1.0123,23.9048,23.8625,44.1113,44.1131,7.0307,7.0287,138.3937,138.4153,0.0022,0.0022
22/03/2017 22:00:02,1,1.0255,1.0255,1.0255,23.3184,23.2777,44.0982,44.0988,6.7397,6.7417,137.2160,137.1626,0.0022,0.0022
23/03/2017 00:00:06,1,1.0410,1.0410,1.0410,22.8338,22.7996,44.0795,44.0792,6.5630,6.5701,136.1005,136.0265,0.0022,0.0022
23/03/2017 02:00:03,1,1.0327,1.0327,1.0327,22.3765,22.3397,44.0781,44.0789,6.3961,6.3991,136.0349,136.0146,0.0023,0.0023
23/03/2017 04:00:06,1,1.0188,1.0188,1.0188,21.8366,21.7974,44.0882,44.0896,6.2664,6.2694,136.3038,136.3232,0.0024,0.0024
23/03/2017 06:00:02,1,1.0088,1.0088,1.0088,21.3009,21.2621,44.1024,44.1036,6.2205,6.2249,136.9377,136.9522,0.0025,0.0025
23/03/2017 08:00:09,1,0.9989,0.9989,0.9989,20.9065,20.8758,44.1200,44.1222,6.3310,6.3339,137.7626,137.8390,0.0026,0.0026
23/03/2017 10:00:01,1,0.9891,0.9891,0.9891,21.0580,21.0560,44.1337,44.1365,6.7763,6.7722,138.6085,138.6922,0.0026,0.0026
23/03/2017 12:00:06,1,0.9908,0.9908,0.9908,21.6918,21.7216,44.1269,44.1299,7.1545,7.1350,138.1943,138.2322,0.0025,0.0025
23/03/2017 14:00:03,1,0.9894,0.9894,0.9894,22.4384,22.4641,44.1137,44.1167,7.4121,7.3830,137.2905,137.3151,0.0023,0.0023
23/03/2017 16:00:01,1,0.9846,0.9846,0.9846,22.9230,22.9091,44.1058,44.1079,7.5089,7.4940,136.8159,136.8535,0.0022,0.0022
23/03/2017 18:00:07,1,0.9787,0.9787,0.9787,22.8392,22.8039,44.1015,44.1026,7.4003,7.3957,136.7940,136.7971,0.0022,0.0022
23/03/2017 20:00:02,1,0.9717,0.9717,0.9717,22.3315,22.2884,44.1050,44.1064,6.9813,6.9790,137.3547,137.3757,0.0023,0.0023
23/03/2017 22:00:01,1,0.9681,0.9681,0.9681,21.7146,21.6713,44.1081,44.1088,6.6632,6.6640,138.0026,137.9483,0.0025,0.0025
24/03/2017 00:00:01,1,0.9813,0.9813,0.9813,21.3057,21.2704,44.0716,44.0718,6.4834,6.4861,135.9041,135.8300,0.0024,0.0024
24/03/2017 02:00:04,1,0.9800,0.9800,0.9800,20.8812,20.8466,44.0561,44.0564,6.3133,6.3173,135.0172,134.9703,0.0025,0.0025
24/03/2017 04:00:06,1,0.9693,0.9693,0.9693,20.4396,20.4048,44.0430,44.0434,6.2074,6.2128,134.4029,134.3765,0.0025,0.0025
24/03/2017 06:00:07,1,0.9592,0.9592,0.9592,20.0297,19.9971,44.0350,44.0354,6.1591,6.1649,133.9501,133.9147,0.0025,0.0025
24/03/2017 08:00:07,1,0.9517,0.9517,0.9517,19.7544,19.7546,44.0341,44.0353,6.2360,6.2451,133.9364,133.9392,0.0026,0.0026
24/03/2017 10:00:05,1,0.9495,0.9495,0.9495,20.1772,20.2987,44.0351,44.0374,6.7093,6.6583,133.9832,133.9151,0.0025,0.0025
24/03/2017 12:00:03,1,0.9546,0.9546,0.9546,20.6836,21.4730,44.0304,44.0323,7.5808,6.9175,134.2322,133.6809,0.0025,0.0024
24/03/2017 14:00:09,1,0.9544,0.9544,0.9544,21.0078,22.9099,44.0291,44.0159,8.7680,6.9747,135.3733,132.1432,0.0025,0.0022
24/03/2017 16:00:03,1,0.9478,0.9478,0.9478,21.3342,23.9751,44.0236,43.9876,9.7060,6.9197,136.8870,130.9748,0.0025,0.0021
24/03/2017 18:00:04,1,0.9313,0.9313,0.9313,21.8911,23.7460,44.0165,43.9969,9.0420,7.2057,136.7395,134.8400,0.0025,0.0022
24/03/2017 20:00:08,1,0.9197,0.9197,0.9197,22.6138,22.8804,43.9817,43.9564,7.1433,7.1551,137.4396,137.7408,0.0025,0.0025
24/03/2017 22:00:01,1,0.9266,0.9266,0.9266,22.3737,22.3359,43.9402,43.9415,6.7897,6.7905,137.8589,137.8086,0.0026,0.0026
25/03/2017 00:00:02,1,0.9268,0.9268,0.9268,21.8565,21.8192,43.9464,43.9476,6.5612,6.5633,137.2474,137.2298,0.0026,0.0026
25/03/2017 02:00:09,1,0.9227,0.9227,0.9227,21.3520,21.3166,43.9502,43.9509,6.3978,6.4009,136.8279,136.8264,0.0026,0.0026
25/03/2017 04:00:05,1,0.9196,0.9196,0.9196,20.8914,20.8610,43.9495,43.9498,6.2658,6.2691,136.8538,136.8597,0.0027,0.0027
25/03/2017 06:00:09,1,0.9107,0.9107,0.9107,20.5342,20.5106,43.9356,43.9352,6.1285,6.1309,137.3917,137.4029,0.0028,0.0028
25/03/2017 08:00:02,1,0.9035,0.9035,0.9035,20.5188,20.6327,43.9297,43.9200,5.9631,6.1718,137.6970,137.9148,0.0029,0.0028
25/03/2017 10:00:05,1,0.9141,0.9141,0.9141,20.7166,21.9860,43.9293,43.9108,7.0329,6.4838,137.7033,137.7702,0.0029,0.0027
25/03/2017 12:00:00,1,0.9453,0.9453,0.9453,21.0358,24.3387,43.9214,43.9532,8.1632,6.7364,137.7217,135.3271,0.0028,0.0024
25/03/2017 14:00:08,1,0.9697,0.9697,0.9697,21.4049,26.5771,43.9005,43.9680,9.0704,6.8351,137.8313,133.9649,0.0027,0.0022
25/03/2017 16:00:09,1,0.9594,0.9594,0.9594,21.6723,27.7931,43.8883,43.8582,9.9938,6.8406,137.9318,138.9776,0.0026,0.0024
25/03/2017 18:00:00,1,0.9501,0.9501,0.9501,21.7221,26.9646,43.8930,43.7383,9.7793,7.0210,137.5989,139.8248,0.0026,0.0024
25/03/2017 20:00:08,1,0.9419,0.9419,0.9419,21.6315,25.7424,43.9028,43.6417,7.9135,7.0192,136.9278,141.4798,0.0028,0.0026
25/03/2017 22:00:08,1,0.9594,0.9594,0.9594,21.5869,24.6284,43.9010,43.6871,6.6705,7.0471,136.8511,141.0062,0.0029,0.0026
26/03/2017 00:00:02,1,0.9764,0.9764,0.9764,21.8367,23.6271,43.8748,43.7555,5.8270,7.0977,137.4093,139.6567,0.0030,0.0026
26/03/2017 02:00:03,1,0.9732,0.9732,0.9732,22.2695,23.1743,43.8349,43.7628,5.5915,6.9167,138.3262,139.0875,0.0030,0.0026
26/03/2017 04:00:06,1,0.9689,0.9689,0.9689,22.5910,22.7308,43.7908,43.7689,5.9497,6.5999,138.9695,139.0278,0.0029,0.0028
26/03/2017 06:00:04,1,0.9610,0.9610,0.9610,22.4108,22.3830,43.7725,43.7726,6.2533,6.2549,139.1062,139.1234,0.0028,0.0028
26/03/2017 08:00:02,1,0.9627,0.9627,0.9627,22.1820,22.1636,43.7851,43.7867,6.2272,6.2319,138.9396,138.9143,0.0029,0.0029
26/03/2017 10:00:04,1,0.9948,0.9948,0.9948,22.3617,22.5249,43.8088,43.8141,6.9478,6.6396,138.3975,138.4781,0.0027,0.0027
26/03/2017 12:00:02,1,1.0345,1.0345,1.0345,22.7636,23.5789,43.8445,43.8455,7.3094,6.9735,137.0578,137.4857,0.0025,0.0024
26/03/2017 14:00:09,1,1.0567,1.0567,1.0567,23.0161,24.7098,43.8583,43.8325,8.2059,7.1904,136.4442,138.1053,0.0024,0.0023
26/03/2017 16:00:06,1,1.0529,1.0529,1.0529,23.2194,24.7658,43.8635,43.8492,8.6755,7.4139,136.3306,137.1788,0.0023,0.0021
26/03/2017 18:00:03,1,1.0459,1.0459,1.0459,23.3572,24.5470,43.8602,43.8284,8.5455,7.5481,136.5847,137.5480,0.0023,0.0021
26/03/2017 20:00:04,1,1.0310,1.0310,1.0310,23.5905,24.1613,43.8478,43.7974,7.2707,7.5122,137.2148,138.2380,0.0023,0.0022
26/03/2017 22:00:03,1,1.0226,1.0226,1.0226,23.7272,23.6826,43.7823,43.7789,7.1198,7.1564,138.7066,138.8361,0.0024,0.0024
27/03/2017 00:00:08,1,1.0181,1.0181,1.0181,23.3188,23.2856,43.7794,43.7795,6.8778,6.8774,138.9838,139.0184,0.0025,0.0025
27/03/2017 02:00:05,1,1.0179,1.0179,1.0179,22.9322,22.9011,43.7783,43.7787,6.6647,6.6651,139.1879,139.2054,0.0025,0.0025
27/03/2017 04:00:06,1,1.0141,1.0141,1.0141,22.5576,22.5271,43.7737,43.7741,6.4555,6.4562,139.4805,139.4948,0.0026,0.0026
27/03/2017 06:00:02,1,1.0039,1.0039,1.0039,22.1676,22.1344,43.7614,43.7611,6.2575,6.2570,139.9676,140.0015,0.0027,0.0027
27/03/2017 08:00:00,1,0.9963,0.9963,0.9963,21.8703,21.8434,43.7476,43.7474,6.2386,6.2382,140.4743,140.5281,0.0028,0.0028
27/03/2017 10:00:01,1,0.9965,0.9965,0.9965,22.0384,22.0414,43.7357,43.7307,6.6819,6.6626,140.8612,141.0444,0.0027,0.0028
27/03/2017 12:00:07,1,1.0238,1.0238,1.0238,22.5523,22.5909,43.7670,43.7663,7.1291,7.0985,140.1782,140.3385,0.0026,0.0026
27/03/2017 14:00:03,1,1.0374,1.0374,1.0374,23.1912,23.2882,43.8043,43.8112,7.4489,7.3963,139.3213,139.3111,0.0024,0.0024
27/03/2017 16:00:03,1,1.0365,1.0365,1.0365,23.7526,23.7778,43.8444,43.8492,7.5666,7.5369,138.3266,138.3423,0.0022,0.0022
27/03/2017 18:00:08,1,1.0310,1.0310,1.0310,23.6418,23.6082,43.8702,43.8713,7.4602,7.4589,137.9079,137.9328,0.0022,0.0022
27/03/2017 20:00:08,1,1.0206,1.0206,1.0206,23.2191,23.1870,43.8755,43.8761,7.1010,7.1012,138.2058,138.2346,0.0023,0.0023
27/03/2017 22:00:05,1,1.0128,1.0128,1.0128,22.8223,22.7916,43.8746,43.8748,6.8256,6.8257,138.6235,138.6563,0.0024,0.0024
28/03/2017 00:00:01,1,1.0042,1.0042,1.0042,22.4041,22.3712,43.8639,43.8642,6.5882,6.5887,139.3858,139.4149,0.0025,0.0025
28/03/2017 02:00:05,1,0.9957,0.9957,0.9957,21.9902,21.9607,43.8581,43.8582,6.3976,6.3979,139.8669,139.8924,0.0026,0.0026
28/03/2017 04:00:07,1,0.9895,0.9895,0.9895,21.6189,21.5908,43.8477,43.8478,6.2171,6.2175,140.3966,140.4165,0.0027,0.0027
28/03/2017 06:00:08,1,0.9786,0.9786,0.9786,21.2131,21.1816,43.8301,43.8300,6.0537,6.0539,141.1626,141.1906,0.0028,0.0028
28/03/2017 08:00:02,1,0.9684,0.9684,0.9684,20.8696,20.8449,43.8165,43.8167,5.9999,6.0008,141.7920,141.8225,0.0029,0.0029
28/03/2017 10:00:06,1,0.9648,0.9648,0.9648,21.0135,21.1312,43.8198,43.8130,6.5708,6.3182,141.8600,142.2150,0.0029,0.0029
28/03/2017 12:00:08,1,0.9944,0.9944,0.9944,21.3703,22.9793,43.8412,43.8768,7.4175,6.6041,141.0011,141.1179,0.0027,0.0026
28/03/2017 14:00:03,1,1.0133,1.0133,1.0133,21.6331,25.1548,43.8383,43.9229,8.6514,6.7749,140.9485,139.1686,0.0027,0.0024
28/03/2017 16:00:02,1,1.0063,1.0063,1.0063,21.7945,25.3057,43.8409,43.8627,9.4160,6.9037,140.8014,140.7193,0.0026,0.0024
28/03/2017 18:00:04,1,0.9940,0.9940,0.9940,21.8303,24.3321,43.8560,43.8197,8.7437,6.9914,140.0625,142.3553,0.0026,0.0025
28/03/2017 20:00:06,1,0.9856,0.9856,0.9856,21.8349,23.4335,43.8713,43.8227,7.2526,7.0372,139.1482,142.2254,0.0027,0.0026
28/03/2017 22:00:06,1,0.9776,0.9776,0.9776,21.8613,22.7008,43.8772,43.8424,6.1965,7.0489,138.9041,141.4710,0.0028,0.0025
29/03/2017 00:00:01,1,0.9711,0.9711,0.9711,22.0009,22.2054,43.8703,43.8486,6.0570,6.8307,140.3312,141.3378,0.0028,0.0026
29/03/2017 02:00:02,1,0.9647,0.9647,0.9647,21.8246,21.7964,43.8526,43.8530,6.4485,6.4491,141.4190,141.4332,0.0028,0.0028
29/03/2017 04:00:06,1,0.9563,0.9563,0.9563,21.4650,21.4368,43.8449,43.8452,6.2305,6.2323,141.9079,141.9174,0.0029,0.0029
29/03/2017 06:00:01,1,0.9490,0.9490,0.9490,21.1159,21.0871,43.8328,43.8331,6.0364,6.0382,142.4333,142.4465,0.0030,0.0030
29/03/2017 08:00:09,1,0.9426,0.9426,0.9426,20.9433,20.9314,43.8127,43.8127,5.9900,5.9927,143.0940,143.1091,0.0030,0.0030
29/03/2017 10:00:00,1,0.9369,0.9369,0.9369,21.1238,22.1413,43.8056,43.8017,6.9456,6.2658,143.3316,143.4783,0.0031,0.0030
29/03/2017 12:00:05,1,0.9704,0.9704,0.9704,21.4084,24.4221,43.8000,43.8680,8.1974,6.7078,143.2907,142.2650,0.0030,0.0027
29/03/2017 14:00:09,1,0.9847,0.9847,0.9847,21.7037,24.7803,43.8006,43.8866,9.2809,6.9449,142.9541,142.0351,0.0030,0.0025
29/03/2017 16:00:00,1,0.9886,0.9886,0.9886,22.0752,24.2975,43.8221,43.9050,8.7501,7.1898,141.2887,141.3856,0.0027,0.0023
29/03/2017 18:00:00,1,0.9797,0.9797,0.9797,22.0919,23.4087,43.8385,43.9211,8.1340,7.3418,139.9791,140.3529,0.0026,0.0022
29/03/2017 20:00:03,1,0.9750,0.9750,0.9750,22.2053,22.5943,43.8689,43.9285,6.9386,7.2439,139.1481,139.5012,0.0025,0.0023
29/03/2017 22:00:02,1,0.9632,0.9632,0.9632,22.0993,22.0700,43.9270,43.9278,6.9418,6.9433,139.1907,139.1973,0.0024,0.0024
30/03/2017 00:00:01,1,0.9578,0.9578,0.9578,21.7383,21.7138,43.9351,43.9355,6.7578,6.7596,138.9573,138.9566,0.0024,0.0024
30/03/2017 02:00:06,1,0.9506,0.9506,0.9506,21.4212,21.3959,43.9402,43.9407,6.5651,6.5659,138.9779,138.9882,0.0024,0.0024
30/03/2017 04:00:05,1,0.9400,0.9400,0.9400,21.0871,21.0613,43.9446,43.9450,6.3431,6.3442,139.3117,139.3181,0.0025,0.0025
30/03/2017 06:00:02,1,0.9340,0.9340,0.9340,20.7709,20.7470,43.9462,43.9465,6.1406,6.1427,139.5802,139.5815,0.0026,0.0026
30/03/2017 08:00:05,1,0.9283,0.9283,0.9283,20.6038,20.5932,43.9436,43.9439,6.0502,6.0522,139.9614,139.9642,0.0026,0.0026
30/03/2017 10:00:01,1,0.9235,0.9235,0.9235,20.7727,21.9206,43.9399,43.9535,6.9747,6.4103,140.2532,140.3143,0.0027,0.0025
30/03/2017 12:00:09,1,0.9550,0.9550,0.9550,21.0112,23.6898,43.9341,44.0060,8.2535,6.9240,140.4498,137.6999,0.0026,0.0022
30/03/2017 14:00:05,1,0.9905,0.9905,0.9905,21.3066,24.7262,43.9234,44.0270,9.5973,7.0984,140.9549,137.5839,0.0026,0.0020
30/03/2017 16:00:08,1,0.9968,0.9968,0.9968,21.5027,23.9231,43.9200,44.0105,9.4949,7.2783,140.8281,139.0156,0.0026,0.0020
30/03/2017 18:00:08,1,0.9958,0.9958,0.9958,21.6591,23.3731,43.9268,44.0183,8.1899,7.3673,140.3405,139.2487,0.0026,0.0020
30/03/2017 20:00:08,1,0.9923,0.9923,0.9923,21.7464,22.4852,43.9427,44.0169,6.9384,7.2704,139.3824,138.9049,0.0025,0.0021
30/03/2017 22:00:04,1,0.9875,0.9875,0.9875,21.9319,21.9074,44.0057,44.0065,6.9803,6.9835,138.6359,138.6377,0.0022,0.0022
31/03/2017 00:00:06,1,0.9815,0.9815,0.9815,21.6215,21.5992,44.0094,44.0098,6.8021,6.8038,138.5485,138.5502,0.0023,0.0023
31/03/2017 02:00:07,1,0.9729,0.9729,0.9729,21.3423,21.3192,44.0123,44.0126,6.6050,6.6064,138.6229,138.6255,0.0023,0.0023
31/03/2017 04:00:05,1,0.9639,0.9639,0.9639,21.0456,21.0203,44.0172,44.0177,6.3943,6.3953,138.8044,138.8093,0.0024,0.0024
31/03/2017 06:00:03,1,0.9559,0.9559,0.9559,20.7023,20.6714,44.0262,44.0271,6.2123,6.2130,139.1317,139.1453,0.0025,0.0025
31/03/2017 08:00:03,1,0.9486,0.9486,0.9486,20.3777,20.3519,44.0367,44.0376,6.1286,6.1305,139.4365,139.4457,0.0025,0.0025
31/03/2017 10:00:00,1,0.9619,0.9619,0.9619,20.5506,20.7561,44.0412,44.0489,6.6993,6.4859,139.4443,139.4037,0.0025,0.0024
31/03/2017 12:00:06,1,0.9877,0.9877,0.9877,21.0177,22.3098,44.0408,44.0690,7.5314,6.8793,139.1398,139.0649,0.0024,0.0023
31/03/2017 14:00:00,1,1.0210,1.0210,1.0210,21.4857,22.9724,44.0428,44.0789,8.0930,7.1266,138.5607,138.0239,0.0022,0.0021
31/03/2017 16:00:04,1,1.0460,1.0460,1.0460,21.8037,23.0078,44.0461,44.0855,8.3988,7.2242,137.9230,137.2751,0.0021,0.0019
31/03/2017 18:00:07,1,1.0633,1.0633,1.0633,22.3625,22.6153,44.0671,44.0908,7.5733,7.4044,137.4214,137.2555,0.0020,0.0019
31/03/2017 20:00:04,1,1.0678,1.0678,1.0678,22.2000,22.1741,44.0895,44.0901,7.1549,7.1563,137.0796,137.0781,0.0020,0.0020
31/03/2017 22:00:08,1,1.0611,1.0611,1.0611,21.8996,21.8768,44.0930,44.0933,6.9678,6.9694,137.1261,137.1281,0.0020,0.0020
01/04/2017 00:00:06,1,1.0549,1.0549,1.0549,21.6515,21.6313,44.0946,44.0947,6.7921,6.7943,137.2682,137.2664,0.0021,0.0021
01/04/2017 02:00:08,1,1.0459,1.0459,1.0459,21.4004,21.3770,44.0966,44.0970,6.6174,6.6189,137.4045,137.4051,0.0021,0.0021
01/04/2017 04:00:05,1,1.0340,1.0340,1.0340,21.0883,21.0627,44.1042,44.1048,6.4373,6.4389,137.6452,137.6469,0.0022,0.0022
01/04/2017 06:00:08,1,1.0263,1.0263,1.0263,20.7937,20.7699,44.1101,44.1106,6.2770,6.2810,137.7348,137.7341,0.0023,0.0023
01/04/2017 08:00:06,1,1.0214,1.0214,1.0214,20.6209,20.6086,44.1145,44.1152,6.2183,6.2201,137.8221,137.8252,0.0023,0.0023
01/04/2017 10:00:00,1,1.0241,1.0241,1.0241,20.7790,21.0588,44.1143,44.1241,6.9897,6.4744,137.8305,137.9106,0.0022,0.0022
01/04/2017 12:00:07,1,1.0376,1.0376,1.0376,21.1027,22.5540,44.1100,44.1412,7.8445,6.9070,137.6986,138.0493,0.0022,0.0020
01/04/2017 14:00:08,1,1.0699,1.0699,1.0699,21.4996,23.2598,44.1026,44.1405,8.0873,7.0937,137.2667,137.2383,0.0021,0.0019
01/04/2017 16:00:03,1,1.0855,1.0855,1.0855,21.6657,23.2699,44.0997,44.1411,8.7152,7.1543,137.1325,136.8447,0.0021,0.0018
01/04/2017 18:00:03,1,1.1020,1.1020,1.1020,21.7989,22.8575,44.0974,44.1411,8.1976,7.1408,136.8716,136.5062,0.0021,0.0018
01/04/2017 20:00:03,1,1.1058,1.1058,1.1058,22.0564,22.2818,44.1108,44.1363,6.9299,7.0643,136.4878,136.3568,0.0020,0.0019
01/04/2017 22:00:02,1,1.1061,1.1061,1.1061,21.9811,21.9589,44.1317,44.1320,6.8325,6.8345,136.3739,136.3758,0.0020,0.0020
02/04/2017 00:00:09,1,1.0983,1.0983,1.0983,21.7118,21.6876,44.1334,44.1338,6.6502,6.6516,136.4238,136.4245,0.0020,0.0020
02/04/2017 02:00:08,1,1.0856,1.0856,1.0856,21.4007,21.3731,44.1418,44.1425,6.4901,6.4922,136.6658,136.6727,0.0021,0.0021
02/04/2017 04:00:07,1,1.0715,1.0715,1.0715,21.0543,21.0255,44.1550,44.1558,6.3922,6.3951,137.0726,137.0792,0.0021,0.0021
02/04/2017 06:00:05,1,1.0636,1.0636,1.0636,20.7454,20.7206,44.1648,44.1652,6.3140,6.3169,137.4572,137.4588,0.0022,0.0022
02/04/2017 08:00:09,1,1.0575,1.0575,1.0575,20.5510,20.5374,44.1727,44.1733,6.3020,6.3049,137.9070,137.9151,0.0022,0.0022
02/04/2017 10:00:07,1,1.0535,1.0535,1.0535,20.6749,21.0615,44.1746,44.1825,7.0430,6.5786,138.1614,138.3073,0.0022,0.0021
02/04/2017 12:00:04,1,1.0555,1.0555,1.0555,20.8812,23.4989,44.1768,44.1970,8.4503,6.8427,138.5204,138.2113,0.0022,0.0020
02/04/2017 14:00:04,1,1.0614,1.0614,1.0614,21.1302,24.8815,44.1792,44.2168,9.7997,6.9686,139.0605,138.0368,0.0021,0.0019
02/04/2017 16:00:01,1,1.0712,1.0712,1.0712,21.4350,24.8559,44.1784,44.2293,9.3814,7.0851,139.1687,138.3561,0.0020,0.0017
02/04/2017 18:00:08,1,1.0890,1.0890,1.0890,21.4141,23.4392,44.1698,44.2153,8.5290,7.1882,138.7210,138.1319,0.0021,0.0016
02/04/2017 20:00:00,1,1.1027,1.1027,1.1027,21.5491,22.3965,44.1680,44.2083,7.1495,7.2071,138.3273,138.0031,0.0021,0.0018
02/04/2017 22:00:07,1,1.1066,1.1066,1.1066,21.5370,21.8999,44.1649,44.1960,6.2895,7.1350,138.1659,137.7772,0.0022,0.0018
03/04/2017 00:00:07,1,1.0926,1.0926,1.0926,21.5708,21.5459,44.1950,44.1957,6.7983,6.8006,137.9915,137.9977,0.0020,0.0020
03/04/2017 02:00:05,1,1.0788,1.0788,1.0788,21.2806,21.2546,44.2054,44.2061,6.6444,6.6464,138.2487,138.2552,0.0020,0.0020
03/04/2017 04:00:03,1,1.0697,1.0697,1.0697,20.9783,20.9533,44.2141,44.2147,6.4827,6.4848,138.4329,138.4364,0.0021,0.0021
03/04/2017 06:00:04,1,1.0608,1.0608,1.0608,20.7120,20.6897,44.2219,44.2222,6.3396,6.3418,138.7271,138.7292,0.0021,0.0021
03/04/2017 08:00:05,1,1.0532,1.0532,1.0532,20.5874,20.6753,44.2285,44.2325,6.2859,6.3266,139.1250,139.1640,0.0022,0.0022
03/04/2017 10:00:00,1,1.0484,1.0484,1.0484,20.7092,22.0597,44.2306,44.2545,7.1048,6.6417,139.4144,139.5157,0.0022,0.0020
03/04/2017 12:00:09,1,1.0471,1.0471,1.0471,20.9220,24.2136,44.2317,44.2823,8.4762,6.9190,139.7285,139.2543,0.0022,0.0019
03/04/2017 14:00:04,1,1.0475,1.0475,1.0475,21.1899,25.1653,44.2350,44.2975,9.8493,7.0859,140.2077,139.4510,0.0021,0.0018
03/04/2017 16:00:08,1,1.0495,1.0495,1.0495,21.4577,24.6550,44.2353,44.2857,9.5787,7.1994,140.3819,139.2998,0.0020,0.0017
03/04/2017 18:00:02,1,1.0777,1.0777,1.0777,21.4476,23.9633,44.2278,44.2764,8.6497,7.2461,140.0237,138.8580,0.0021,0.0016
03/04/2017 20:00:03,1,1.1077,1.1077,1.1077,21.4652,23.2509,44.2244,44.2683,7.4284,7.1444,139.8862,138.3803,0.0022,0.0017
03/04/2017 22:00:07,1,1.1138,1.1138,1.1138,21.4838,22.6023,44.2227,44.2551,6.5772,7.0612,139.8752,138.0053,0.0023,0.0018
04/04/2017 00:00:06,1,1.1063,1.1063,1.1063,21.5294,22.0613,44.2212,44.2427,5.9046,7.0555,139.7888,138.0271,0.0024,0.0019
04/04/2017 02:00:08,1,1.0939,1.0939,1.0939,21.6758,21.6540,44.2392,44.2397,6.6728,6.6820,138.5305,138.5238,0.0020,0.0020
04/04/2017 04:00:03,1,1.0833,1.0833,1.0833,21.4168,21.3942,44.2442,44.2446,6.5279,6.5304,138.6762,138.6771,0.0021,0.0021
04/04/2017 06:00:07,1,1.0740,1.0740,1.0740,21.1488,21.1251,44.2508,44.2514,6.3688,6.3709,138.8622,138.8680,0.0021,0.0021
04/04/2017 08:00:07,1,1.0704,1.0704,1.0704,20.9373,20.9191,44.2580,44.2585,6.2901,6.2963,139.0531,139.0508,0.0022,0.0022
04/04/2017 10:00:00,1,1.0687,1.0687,1.0687,21.0109,21.3192,44.2624,44.2742,6.7698,6.5006,139.2834,139.4376,0.0022,0.0021
04/04/2017 12:00:09,1,1.0639,1.0639,1.0639,21.2377,22.5706,44.2622,44.3047,7.8361,6.7963,139.3726,140.2870,0.0021,0.0020
04/04/2017 14:00:08,1,1.0570,1.0570,1.0570,21.5139,23.1395,44.2584,44.3094,8.4909,7.0163,139.2884,140.1807,0.0021,0.0019
04/04/2017 16:00:06,1,1.0544,1.0544,1.0544,21.7045,23.1373,44.2527,44.3044,8.6177,7.1164,139.1511,139.6710,0.0021,0.0018
04/04/2017 18:00:06,1,1.0642,1.0642,1.0642,21.9937,22.5346,44.2576,44.2913,7.5416,7.1832,139.1631,139.1844,0.0020,0.0018
04/04/2017 20:00:04,1,1.0827,1.0827,1.0827,22.0520,22.0148,44.2829,44.2845,6.8775,6.8821,138.8001,138.8159,0.0020,0.0020
04/04/2017 22:00:00,1,1.0870,1.0870,1.0870,21.5980,21.5566,44.2991,44.3009,6.6895,6.6911,138.8599,138.8724,0.0020,0.0020
05/04/2017 00:00:02,1,1.0806,1.0806,1.0806,21.1107,21.0672,44.3202,44.3222,6.5732,6.5748,139.0654,139.0829,0.0021,0.0021
05/04/2017 02:00:07,1,1.0790,1.0790,1.0790,20.6189,20.5773,44.3434,44.3452,6.5021,6.5044,139.4225,139.4473,0.0021,0.0021
05/04/2017 04:00:03,1,1.0722,1.0722,1.0722,20.1322,20.0924,44.3694,44.3710,6.4600,6.4630,140.1527,140.1790,0.0022,0.0022
05/04/2017 06:00:08,1,1.0574,1.0574,1.0574,19.6604,19.6218,44.3956,44.3970,6.4395,6.4422,141.3892,141.4248,0.0023,0.0023
05/04/2017 08:00:06,1,1.0442,1.0442,1.0442,19.3008,19.2702,44.4173,44.4190,6.5002,6.5029,142.8259,142.8825,0.0025,0.0025
05/04/2017 10:00:09,1,1.0342,1.0342,1.0342,19.4198,19.4151,44.4352,44.4380,6.8844,6.8808,144.2077,144.3138,0.0025,0.0025
05/04/2017 12:00:06,1,1.0253,1.0253,1.0253,19.9485,19.9948,44.4481,44.4535,7.2995,7.2535,144.9157,145.0988,0.0024,0.0024
05/04/2017 14:00:02,1,1.0220,1.0220,1.0220,20.4282,20.6963,44.4527,44.4679,7.8793,7.5008,144.9370,145.3121,0.0024,0.0024
05/04/2017 16:00:06,1,1.0225,1.0225,1.0225,20.7469,21.2735,44.4549,44.4808,8.3033,7.6449,145.0390,145.7870,0.0023,0.0023
05/04/2017 18:00:09,1,1.0077,1.0077,1.0077,20.9768,20.9334,44.4789,44.4804,7.6463,7.6407,146.9288,146.9926,0.0024,0.0024
05/04/2017 20:00:06,1,1.0010,1.0010,1.0010,20.4872,20.4492,44.4809,44.4821,7.2023,7.2012,147.4560,147.4612,0.0026,0.0026
05/04/2017 22:00:00,1,1.0037,1.0037,1.0037,20.0968,20.0636,44.4857,44.4865,6.9428,6.9434,147.1899,147.1871,0.0026,0.0026
06/04/2017 00:00:01,1,0.9990,0.9990,0.9990,19.6741,19.6368,44.4918,44.4928,6.7347,6.7358,146.9038,146.9072,0.0026,0.0026
06/04/2017 02:00:08,1,0.9877,0.9877,0.9877,19.2096,19.1733,44.4959,44.4968,6.5895,6.5914,146.7893,146.7920,0.0027,0.0027
06/04/2017 04:00:03,1,0.9790,0.9790,0.9790,18.7440,18.7090,44.4969,44.4977,6.4878,6.4902,146.9441,146.9474,0.0028,0.0028
06/04/2017 06:00:09,1,0.9681,0.9681,0.9681,18.2749,18.2414,44.4948,44.4955,6.4096,6.4121,147.3088,147.3101,0.0028,0.0028
06/04/2017 08:00:08,1,0.9576,0.9576,0.9576,17.9057,17.8818,44.4899,44.4906,6.4042,6.4065,147.7454,147.7489,0.0029,0.0029
06/04/2017 10:00:03,1,0.9504,0.9504,0.9504,18.0429,18.1159,44.4842,44.4853,6.8532,6.7062,148.0173,148.1222,0.0029,0.0029
06/04/2017 12:00:04,1,0.9483,0.9483,0.9483,18.3323,19.2976,44.4847,44.4808,8.0058,6.9278,148.0072,148.5961,0.0028,0.0028
06/04/2017 14:00:03,1,0.9460,0.9460,0.9460,18.6046,20.9495,44.4860,44.4761,8.8849,7.0178,148.0899,148.8310,0.0028,0.0028
06/04/2017 16:00:09,1,0.9379,0.9379,0.9379,18.7878,21.9717,44.4811,44.4741,9.5282,7.0441,148.5163,147.8725,0.0028,0.0027
06/04/2017 18:00:06,1,0.9266,0.9266,0.9266,18.8375,21.4053,44.4776,44.4731,9.1569,7.1021,148.8976,148.1905,0.0029,0.0027
06/04/2017 20:00:09,1,0.9208,0.9208,0.9208,19.2268,20.5750,44.4743,44.4689,7.5616,7.2539,149.0647,149.2321,0.0029,0.0028
06/04/2017 22:00:05,1,0.9127,0.9127,0.9127,19.7899,19.8599,44.4521,44.4410,6.9307,7.1334,149.7093,149.9503,0.0030,0.0030
07/04/2017 00:00:08,1,0.9117,0.9117,0.9117,19.4621,19.4266,44.4269,44.4273,6.9018,6.9034,150.0008,150.0121,0.0030,0.0030
07/04/2017 02:00:09,1,0.9121,0.9121,0.9121,19.0444,19.0103,44.4142,44.4144,6.7467,6.7484,150.0916,150.1011,0.0031,0.0031
07/04/2017 04:00:00,1,0.9042,0.9042,0.9042,18.6281,18.5943,44.3730,44.3726,6.6139,6.6162,150.3750,150.3835,0.0031,0.0031
07/04/2017 06:00:08,1,0.8945,0.8945,0.8945,18.2293,18.1979,44.3194,44.3189,6.5086,6.5109,150.5347,150.5401,0.0032,0.0032
07/04/2017 08:00:06,1,0.8868,0.8868,0.8868,17.8515,17.8202,44.2784,44.2781,6.4252,6.4284,150.5831,150.5861,0.0033,0.0033
07/04/2017 10:00:05,1,0.8857,0.8857,0.8857,17.6455,17.6456,44.2624,44.2639,6.4388,6.4540,150.5094,150.5020,0.0033,0.0033
07/04/2017 12:00:03,1,0.9092,0.9092,0.9092,17.8428,18.5579,44.2911,44.3339,6.6963,6.6687,150.2338,149.8066,0.0032,0.0031
07/04/2017 14:00:03,1,0.9209,0.9209,0.9209,18.3008,21.0219,44.2795,44.3444,7.3796,6.8359,150.0085,149.2849,0.0032,0.0030
07/04/2017 16:00:07,1,0.9004,0.9004,0.9004,18.5277,21.0280,44.3136,44.2636,8.3144,6.9687,149.4430,149.4004,0.0031,0.0030
07/04/2017 18:00:00,1,0.8859,0.8859,0.8859,18.6633,20.3105,44.3636,44.2856,7.4223,7.1116,148.2578,148.8871,0.0029,0.0029
07/04/2017 20:00:06,1,0.8905,0.8905,0.8905,18.6439,19.6691,44.3945,44.3376,6.7953,7.0999,147.6033,148.4217,0.0029,0.0028
07/04/2017 22:00:03,1,0.8884,0.8884,0.8884,18.6582,19.1338,44.4033,44.3428,6.1517,7.0175,147.5484,148.4640,0.0030,0.0029
08/04/2017 00:00:02,1,0.8830,0.8830,0.8830,18.6626,18.6079,44.3678,44.3576,6.5657,6.6766,148.2282,148.2745,0.0030,0.0030
08/04/2017 02:00:02,1,0.8931,0.8931,0.8931,18.3093,18.2797,44.3468,44.3470,6.5322,6.5345,148.3687,148.3738,0.0030,0.0030
08/04/2017 04:00:03,1,0.8891,0.8891,0.8891,17.9495,17.9198,44.3380,44.3382,6.3921,6.3937,148.4691,148.4764,0.0031,0.0031
08/04/2017 06:00:06,1,0.8813,0.8813,0.8813,17.5975,17.5704,44.3152,44.3155,6.2651,6.2682,148.6395,148.6391,0.0032,0.0032
08/04/2017 08:00:00,1,0.8770,0.8770,0.8770,17.3420,17.3210,44.3045,44.3044,6.2335,6.2349,148.6835,148.6969,0.0032,0.0032
08/04/2017 10:00:05,1,0.9190,0.9190,0.9190,17.6371,18.2710,44.3280,44.3581,6.7603,6.6231,148.4336,148.1430,0.0031,0.0030
08/04/2017 12:00:01,1,0.9653,0.9653,0.9653,17.9715,20.3726,44.3560,44.4396,7.5047,6.9312,148.3125,147.2242,0.0030,0.0028
08/04/2017 14:00:04,1,0.9727,0.9727,0.9727,18.2707,22.6678,44.3525,44.4892,8.7226,7.0602,148.5265,146.2133,0.0030,0.0026
08/04/2017 16:00:02,1,0.9694,0.9694,0.9694,18.5802,23.9318,44.3509,44.5097,9.3081,7.0718,148.6294,145.8742,0.0029,0.0025
08/04/2017 18:00:04,1,0.9655,0.9655,0.9655,18.7169,23.5170,44.3494,44.4941,9.0981,7.1407,148.7218,146.5323,0.0029,0.0024
08/04/2017 20:00:00,1,0.9606,0.9606,0.9606,18.8114,22.7816,44.3413,44.4878,7.9978,7.1771,148.9281,145.6223,0.0031,0.0024
08/04/2017 22:00:06,1,0.9620,0.9620,0.9620,18.8704,21.9113,44.3337,44.4513,6.9944,7.2134,149.2309,145.8611,0.0032,0.0025
09/04/2017 00:00:04,1,0.9595,0.9595,0.9595,19.1220,21.1680,44.3301,44.4025,6.1349,7.2454,149.1743,146.4772,0.0033,0.0026
09/04/2017 02:00:06,1,0.9614,0.9614,0.9614,19.4983,20.6321,44.3317,44.3729,5.8558,7.1203,148.5740,146.9567,0.0032,0.0027
09/04/2017 04:00:07,1,0.9604,0.9604,0.9604,19.7703,20.0449,44.3337,44.3529,6.2544,6.8151,147.8110,147.3697,0.0030,0.0029
09/04/2017 06:00:01,1,0.9709,0.9709,0.9709,19.6350,19.6109,44.3476,44.3489,6.5715,6.5779,147.4409,147.4079,0.0029,0.0029
09/04/2017 08:00:01,1,0.9808,0.9808,0.9808,19.3893,19.3711,44.3625,44.3630,6.6066,6.6072,147.2515,147.2606,0.0029,0.0029
09/04/2017 10:00:06,1,1.0323,1.0323,1.0323,19.5510,19.7152,44.3883,44.3990,7.0928,6.9001,146.5362,146.2761,0.0028,0.0028
09/04/2017 12:00:08,1,1.0810,1.0810,1.0810,19.7482,21.1762,44.3989,44.4300,7.7684,7.0467,145.9591,145.6729,0.0027,0.0026
09/04/2017 14:00:05,1,1.1069,1.1069,1.1069,20.0222,22.3778,44.4076,44.4368,7.9314,7.1320,145.2260,145.3886,0.0026,0.0024
09/04/2017 16:00:03,1,1.1020,1.1020,1.1020,20.1070,22.4643,44.4108,44.4176,8.4659,7.2452,145.4439,145.0592,0.0026,0.0023
09/04/2017 18:00:07,1,1.0936,1.0936,1.0936,20.1986,22.1093,44.4173,44.3966,8.1515,7.3735,145.6441,145.4280,0.0026,0.0023
09/04/2017 20:00:08,1,1.0853,1.0853,1.0853,20.3480,21.6937,44.4168,44.3792,7.2469,7.4223,145.8953,146.2400,0.0027,0.0024
09/04/2017 22:00:02,1,1.0749,1.0749,1.0749,20.6093,21.6078,44.4056,44.3447,6.5002,7.3772,146.1808,147.0262,0.0027,0.0025
10/04/2017 00:00:00,1,1.0640,1.0640,1.0640,20.8271,21.1943,44.3806,44.3058,6.3833,7.1672,146.9981,147.8048,0.0028,0.0027
10/04/2017 02:00:06,1,1.0559,1.0559,1.0559,20.7929,20.7590,44.2912,44.2915,6.8138,6.8166,148.2450,148.2686,0.0028,0.0028
10/04/2017 04:00:04,1,1.0454,1.0454,1.0454,20.3983,20.3620,44.2749,44.2747,6.6994,6.7018,148.5694,148.6115,0.0029,0.0029
10/04/2017 06:00:09,1,1.0363,1.0363,1.0363,19.9838,19.9479,44.2665,44.2662,6.6186,6.6207,148.7323,148.7731,0.0029,0.0030
10/04/2017 08:00:05,1,1.0381,1.0381,1.0381,19.5802,19.5465,44.2683,44.2689,6.5580,6.5619,148.6992,148.7181,0.0030,0.0030
10/04/2017 10:00:00,1,1.0710,1.0710,1.0710,19.6584,19.9004,44.3027,44.3142,6.9630,6.7483,147.8587,147.8418,0.0029,0.0029
10/04/2017 12:00:02,1,1.1150,1.1150,1.1150,19.9395,21.0304,44.3270,44.3677,7.6445,6.9385,147.1384,146.6334,0.0027,0.0026
10/04/2017 14:00:05,1,1.1479,1.1479,1.1479,20.1821,22.1477,44.3278,44.4166,8.1641,6.9504,147.0670,143.9037,0.0027,0.0024
10/04/2017 16:00:02,1,1.1463,1.1463,1.1463,20.3519,22.7576,44.3096,44.4182,8.9183,6.8558,147.4767,141.4390,0.0027,0.0023
10/04/2017 18:00:01,1,1.1373,1.1373,1.1373,20.5885,22.4862,44.2927,44.3911,8.3039,6.9007,147.7711,141.7427,0.0027,0.0022
10/04/2017 20:00:03,1,1.1289,1.1289,1.1289,21.0728,22.2340,44.3056,44.3699,7.1439,6.9541,146.1790,142.6629,0.0027,0.0023
10/04/2017 22:00:08,1,1.1178,1.1178,1.1178,21.4176,21.9261,44.3120,44.3061,6.5151,6.9736,145.0961,144.7784,0.0027,0.0025
11/04/2017 00:00:07,1,1.1046,1.1046,1.1046,21.5160,21.4759,44.2110,44.2081,6.7639,6.7915,146.8711,146.9737,0.0028,0.0028
11/04/2017 02:00:06,1,1.0956,1.0956,1.0956,21.1023,21.0702,44.1671,44.1674,6.6859,6.6890,147.8288,147.8519,0.0029,0.0029
11/04/2017 04:00:04,1,1.0896,1.0896,1.0896,20.7057,20.6739,44.1472,44.1476,6.5944,6.5981,148.4409,148.4642,0.0030,0.0030
11/04/2017 06:00:09,1,1.0813,1.0813,1.0813,20.5198,20.5010,44.1331,44.1325,6.5085,6.5176,148.9790,149.0357,0.0031,0.0031
11/04/2017 08:00:06,1,1.0904,1.0904,1.0904,20.4299,20.4256,44.1576,44.1604,6.4713,6.4784,148.7651,148.7508,0.0031,0.0031
11/04/2017 10:00:01,1,1.1264,1.1264,1.1264,20.6395,20.8512,44.1700,44.2064,6.9083,6.7451,148.5380,148.0502,0.0030,0.0029
11/04/2017 12:00:05,1,1.1922,1.1922,1.1922,21.3871,21.4285,44.2349,44.2458,7.0848,7.0731,147.2854,147.0647,0.0028,0.0028
11/04/2017 14:00:00,1,1.2359,1.2359,1.2359,21.9773,21.9884,44.2513,44.2587,7.3397,7.3213,147.0536,146.8803,0.0027,0.0026
11/04/2017 16:00:06,1,1.2249,1.2249,1.2249,22.2564,22.2449,44.2694,44.2738,7.5183,7.5024,146.2462,146.1321,0.0025,0.0025
11/04/2017 18:00:09,1,1.2061,1.2061,1.2061,22.1134,22.0851,44.3104,44.3118,7.3940,7.3928,144.7866,144.7629,0.0024,0.0024
11/04/2017 20:00:05,1,1.2002,1.2002,1.2002,21.7973,21.7725,44.3339,44.3346,7.1188,7.1202,144.1116,144.1076,0.0024,0.0024
11/04/2017 22:00:07,1,1.1881,1.1881,1.1881,21.5001,21.4751,44.3526,44.3534,6.8704,6.8726,143.5500,143.5437,0.0024,0.0024
12/04/2017 00:00:03,1,1.1802,1.1802,1.1802,21.2085,21.1903,44.3688,44.3706,6.6801,6.6875,143.3795,143.3531,0.0024,0.0024
12/04/2017 02:00:07,1,1.1789,1.1789,1.1789,21.0280,21.0090,44.3828,44.3847,6.5374,6.5468,143.4880,143.4567,0.0025,0.0025
12/04/2017 04:00:02,1,1.1709,1.1709,1.1709,20.8001,20.7694,44.3962,44.3976,6.4239,6.4284,143.7224,143.7003,0.0025,0.0025
12/04/2017 06:00:05,1,1.1555,1.1555,1.1555,20.4629,20.4345,44.4136,44.4147,6.3269,6.3304,143.8861,143.8722,0.0026,0.0026
12/04/2017 08:00:05,1,1.1448,1.1448,1.1448,20.3164,20.3265,44.4289,44.4318,6.2852,6.3041,144.0930,144.0425,0.0026,0.0026
12/04/2017 10:00:09,1,1.1814,1.1814,1.1814,20.5151,20.9957,44.4195,44.4223,6.7410,6.7085,144.8838,145.0954,0.0026,0.0026
12/04/2017 12:00:06,1,1.2205,1.2205,1.2205,20.9482,22.1651,44.4011,44.2945,7.4440,6.9947,146.0877,143.6704,0.0026,0.0024
12/04/2017 14:00:04,1,1.2418,1.2418,1.2418,21.4280,23.1330,44.3841,43.6369,8.3985,6.8878,146.3812,131.1380,0.0025,0.0021
12/04/2017 16:00:07,1,1.2516,1.2516,1.2516,21.7184,23.6018,44.3914,43.2344,9.1183,6.7301,146.5278,123.1541,0.0024,0.0019
12/04/2017 18:00:03,1,1.2521,1.2521,1.2521,21.8922,23.3450,44.3902,43.3671,8.6742,6.7861,146.0889,125.4179,0.0024,0.0019
12/04/2017 20:00:05,1,1.2420,1.2420,1.2420,22.2259,22.8145,44.3784,43.4835,7.3783,6.8556,145.0306,127.6643,0.0023,0.0019
12/04/2017 22:00:06,1,1.2292,1.2292,1.2292,22.2943,22.4748,44.3641,43.6258,6.8459,6.9636,144.9507,130.4073,0.0024,0.0019
13/04/2017 00:00:05,1,1.2162,1.2162,1.2162,22.2879,22.2024,44.3243,43.6730,6.1952,7.0017,144.1970,131.4516,0.0024,0.0020
13/04/2017 02:00:01,1,1.2029,1.2029,1.2029,22.2494,21.8476,44.3067,43.6949,5.4621,7.0371,144.1690,132.4050,0.0026,0.0020
13/04/2017 04:00:09,1,1.1886,1.1886,1.1886,22.1473,21.4570,44.2677,43.7592,5.0945,7.0667,143.5338,134.2726,0.0027,0.0021
13/04/2017 06:00:05,1,1.1789,1.1789,1.1789,21.8586,21.2628,44.1741,43.8889,5.3279,6.9840,141.8061,136.7847,0.0026,0.0022
13/04/2017 08:00:09,1,1.1715,1.1715,1.1715,21.2006,21.1507,43.9636,43.9321,6.7315,6.8085,138.4435,137.8815,0.0023,0.0022
13/04/2017 10:00:00,1,1.1784,1.1784,1.1784,21.2627,21.5934,44.0005,43.6512,7.2846,7.0883,139.5514,132.6959,0.0023,0.0020
13/04/2017 12:00:06,1,1.1944,1.1944,1.1944,21.4390,22.8101,44.0548,43.5294,8.2440,7.1443,141.3165,130.2496,0.0022,0.0019
13/04/2017 14:00:08,1,1.2040,1.2040,1.2040,21.8165,23.5639,44.0581,43.6026,8.6256,7.2158,141.8060,131.7367,0.0021,0.0018
13/04/2017 16:00:05,1,1.2041,1.2041,1.2041,21.9485,23.9224,44.1028,43.5604,9.6813,7.2982,143.1645,131.0591,0.0021,0.0017
13/04/2017 18:00:01,1,1.2009,1.2009,1.2009,22.0744,23.7127,44.1215,43.4931,9.4448,7.3451,143.9158,129.9556,0.0021,0.0016
13/04/2017 20:00:07,1,1.1874,1.1874,1.1874,22.1384,23.2351,44.1352,43.3965,8.3487,7.3345,144.4996,128.4571,0.0022,0.0016
13/04/2017 22:00:06,1,1.1812,1.1812,1.1812,22.2883,22.8243,44.1221,43.2639,7.1978,7.3358,144.3892,126.8286,0.0023,0.0016
14/04/2017 00:00:07,1,1.1696,1.1696,1.1696,22.4154,22.4346,44.0860,43.1206,6.2354,7.3274,143.5991,124.9848,0.0024,0.0017
14/04/2017 02:00:02,1,1.1548,1.1548,1.1548,22.4473,22.0851,44.0311,43.0315,5.5721,7.3397,142.6190,124.2822,0.0024,0.0017
14/04/2017 04:00:01,1,1.1456,1.1456,1.1456,22.3836,21.7338,43.9800,42.7489,5.1233,7.2878,142.0331,119.8506,0.0025,0.0017
14/04/2017 06:00:04,1,1.1339,1.1339,1.1339,22.2288,21.3328,43.9389,42.3395,4.8731,7.2042,141.8682,113.1156,0.0026,0.0017
14/04/2017 08:00:01,1,1.1252,1.1252,1.1252,21.8886,21.0574,43.7316,42.0400,5.9673,7.1669,138.8271,108.1695,0.0024,0.0017
14/04/2017 10:00:03,1,1.1215,1.1215,1.1215,21.8014,21.4548,43.6561,41.8275,7.0755,7.1596,138.2226,104.3947,0.0023,0.0016
14/04/2017 12:00:03,1,1.1330,1.1330,1.1330,21.9325,22.4978,43.6249,41.7924,8.2174,7.1817,138.0941,103.6287,0.0022,0.0015
14/04/2017 14:00:02,1,1.1403,1.1403,1.1403,22.1069,23.3524,43.6509,41.8349,9.3187,7.2488,138.6210,105.4301,0.0022,0.0015
14/04/2017 16:00:05,1,1.1408,1.1408,1.1408,22.2072,23.2565,43.6805,42.0512,9.3463,7.3397,139.1761,109.2508,0.0022,0.0015
14/04/2017 18:00:04,1,1.1440,1.1440,1.1440,22.2673,22.7380,43.7010,42.4041,8.6994,7.4450,139.4411,115.5435,0.0023,0.0015
14/04/2017 20:00:08,1,1.1393,1.1393,1.1393,22.2811,22.1861,43.7186,42.7873,7.3836,7.5544,139.6339,122.8260,0.0024,0.0016
14/04/2017 22:00:05,1,1.1352,1.1352,1.1352,22.2926,21.9021,43.7279,42.9637,6.4412,7.6085,139.8321,126.2403,0.0026,0.0017
15/04/2017 00:00:07,1,1.1228,1.1228,1.1228,22.2969,21.5778,43.7324,43.1126,5.6458,7.6024,139.8473,129.5257,0.0028,0.0018
15/04/2017 02:00:07,1,1.1086,1.1086,1.1086,22.1162,21.3827,43.6295,43.2761,6.1977,7.2229,135.4566,132.1491,0.0024,0.0021
15/04/2017 04:00:01,1,1.1008,1.1008,1.1008,21.2158,21.1868,43.3606,43.3611,6.8406,6.8419,133.0455,133.0478,0.0022,0.0022
15/04/2017 06:00:01,1,1.0889,1.0889,1.0889,20.8554,20.8266,43.3693,43.3699,6.6835,6.6849,133.2712,133.2760,0.0022,0.0022
15/04/2017 08:00:08,1,1.0778,1.0778,1.0778,20.4844,20.4514,43.3822,43.3835,6.5610,6.5641,133.5730,133.5907,0.0023,0.0023
15/04/2017 10:00:00,1,1.0723,1.0723,1.0723,20.2435,20.2733,43.4099,43.4149,6.6786,6.6885,134.2679,134.3514,0.0023,0.0023
15/04/2017 12:00:00,1,1.0749,1.0749,1.0749,20.4295,21.4048,43.4186,43.4525,7.8297,7.0665,134.5829,134.8480,0.0023,0.0022
15/04/2017 14:00:03,1,1.0796,1.0796,1.0796,20.6035,23.0311,43.4399,43.4240,8.7916,7.3196,135.3565,132.7572,0.0022,0.0020
15/04/2017 16:00:01,1,1.0771,1.0771,1.0771,21.0100,23.6715,43.4916,43.3744,8.6555,7.3911,136.9675,130.8455,0.0021,0.0019
15/04/2017 18:00:05,1,1.0823,1.0823,1.0823,21.0205,23.2159,43.4977,43.3335,8.3011,7.4009,137.1637,130.0401,0.0022,0.0018
15/04/2017 20:00:04,1,1.0850,1.0850,1.0850,21.2964,22.6179,43.4847,43.3226,7.4491,7.4157,136.0696,130.3268,0.0022,0.0019
15/04/2017 22:00:09,1,1.0785,1.0785,1.0785,21.6358,22.0525,43.4317,43.3025,6.8488,7.3391,133.1701,130.6060,0.0022,0.0020
16/04/2017 00:00:07,1,1.0741,1.0741,1.0741,21.6058,21.5714,43.3167,43.3164,7.0600,7.0773,131.1709,131.1407,0.0021,0.0021
16/04/2017 02:00:04,1,1.0681,1.0681,1.0681,21.1936,21.1627,43.3147,43.3151,6.9382,6.9425,131.4681,131.4547,0.0022,0.0022
16/04/2017 04:00:09,1,1.0568,1.0568,1.0568,20.7811,20.7497,43.3208,43.3211,6.8227,6.8272,131.8744,131.8576,0.0022,0.0022
16/04/2017 06:00:08,1,1.0491,1.0491,1.0491,20.3551,20.3216,43.3319,43.3321,6.7304,6.7362,132.3488,132.3197,0.0023,0.0023
16/04/2017 08:00:03,1,1.0463,1.0463,1.0463,20.0579,20.0516,43.3419,43.3407,6.7103,6.7306,132.7137,132.5775,0.0023,0.0023
16/04/2017 10:00:03,1,1.0522,1.0522,1.0522,20.1993,20.5224,43.3703,43.3373,7.2382,7.0148,133.5466,132.1477,0.0023,0.0022
16/04/2017 12:00:03,1,1.0662,1.0662,1.0662,20.4808,22.3240,43.4167,43.3023,8.0852,7.2527,135.2381,129.9432,0.0023,0.0020
16/04/2017 14:00:07,1,1.0862,1.0862,1.0862,20.8582,24.2312,43.4522,43.2359,8.7004,7.3294,136.5775,127.6082,0.0023,0.0018
16/04/2017 16:00:05,1,1.1078,1.1078,1.1078,21.2647,24.6965,43.4588,43.0723,9.1759,7.1170,137.0184,123.7159,0.0022,0.0017
16/04/2017 18:00:09,1,1.1320,1.1320,1.1320,21.4581,23.8122,43.4558,43.1694,8.9828,7.3318,137.0123,126.7003,0.0022,0.0016
16/04/2017 20:00:08,1,1.1441,1.1441,1.1441,21.5461,23.0310,43.4537,43.2273,7.9617,7.4241,137.0650,128.6668,0.0023,0.0017
16/04/2017 22:00:00,1,1.1493,1.1493,1.1493,21.6762,22.4455,43.4478,43.2658,6.9511,7.4309,136.8364,130.2100,0.0024,0.0019
17/04/2017 00:00:01,1,1.1469,1.1469,1.1469,21.7406,22.0246,43.4360,43.2745,6.1701,7.3801,136.3368,130.8677,0.0025,0.0019
17/04/2017 02:00:09,1,1.1376,1.1376,1.1376,21.7185,21.6394,43.4243,43.2514,5.7245,7.2900,135.6745,130.7046,0.0025,0.0020
17/04/2017 04:00:06,1,1.1333,1.1333,1.1333,21.5349,21.3196,43.3450,43.2438,6.3713,7.0201,132.6776,130.9564,0.0023,0.0021
17/04/2017 06:00:03,1,1.1257,1.1257,1.1257,21.0945,21.0652,43.2571,43.2545,6.7607,6.7913,131.4589,131.3652,0.0022,0.0022
17/04/2017 08:00:03,1,1.1227,1.1227,1.1227,20.8934,20.8752,43.2605,43.2604,6.7130,6.7208,131.7043,131.6735,0.0023,0.0023
17/04/2017 10:00:05,1,1.1497,1.1497,1.1497,21.0309,21.0851,43.2758,43.2686,7.0335,7.0102,132.1529,131.8751,0.0022,0.0022
17/04/2017 12:00:00,1,1.1671,1.1671,1.1671,21.3884,21.7820,43.3103,43.2758,7.6819,7.2693,132.8049,131.8902,0.0021,0.0021
17/04/2017 14:00:03,1,1.1696,1.1696,1.1696,21.9268,22.4725,43.3153,43.2449,8.2061,7.4584,132.8219,131.1508,0.0020,0.0019
17/04/2017 16:00:02,1,1.1558,1.1558,1.1558,22.2551,22.7921,43.3049,43.1865,8.4602,7.5549,132.7960,129.9065,0.0020,0.0018
17/04/2017 18:00:08,1,1.1686,1.1686,1.1686,22.3385,22.5301,43.2899,43.1849,8.0329,7.6839,132.4413,130.0126,0.0020,0.0018
17/04/2017 20:00:07,1,1.1783,1.1783,1.1783,22.2427,22.2047,43.1991,43.1949,7.5106,7.5382,130.2614,130.2199,0.0019,0.0018
17/04/2017 22:00:08,1,1.1759,1.1759,1.1759,21.9376,21.9107,43.1794,43.1801,7.3295,7.3313,129.8840,129.8850,0.0019,0.0019
18/04/2017 00:00:00,1,1.1766,1.1766,1.1766,21.6093,21.5791,43.1811,43.1821,7.1608,7.1634,129.8722,129.8757,0.0019,0.0019
18/04/2017 02:00:06,1,1.1668,1.1668,1.1668,21.2595,21.2314,43.1911,43.1919,6.9878,6.9898,130.0649,130.0654,0.0020,0.0020
18/04/2017 04:00:06,1,1.1561,1.1561,1.1561,20.9323,20.9045,43.2022,43.2030,6.8357,6.8389,130.3005,130.2997,0.0021,0.0020
18/04/2017 06:00:09,1,1.1513,1.1513,1.1513,20.5953,20.5643,43.2167,43.2177,6.6972,6.7023,130.5238,130.5248,0.0021,0.0021
18/04/2017 08:00:05,1,1.1476,1.1476,1.1476,20.3373,20.3339,43.2361,43.2378,6.6652,6.6784,130.7737,130.7728,0.0021,0.0021
18/04/2017 10:00:05,1,1.1649,1.1649,1.1649,20.4803,20.8059,43.2500,43.2650,7.1880,7.0246,130.9977,130.8982,0.0021,0.0020
18/04/2017 12:00:09,1,1.1676,1.1676,1.1676,20.6720,21.6145,43.2622,43.2720,8.1269,7.2203,131.2759,130.5160,0.0021,0.0019
18/04/2017 14:00:07,1,1.1604,1.1604,1.1604,20.9371,21.9211,43.2725,43.2511,8.9949,7.2915,131.4997,129.8175,0.0020,0.0019
18/04/2017 16:00:00,1,1.1563,1.1563,1.1563,21.3087,21.5489,43.2606,43.2111,7.7047,7.3853,130.2270,128.9258,0.0020,0.0019
18/04/2017 18:00:09,1,1.1564,1.1564,1.1564,21.3755,21.3117,43.2019,43.1841,7.3213,7.3570,128.6406,128.3470,0.0019,0.0019
18/04/2017 20:00:05,1,1.1668,1.1668,1.1668,21.0930,21.0685,43.1599,43.1583,7.1490,7.1527,127.8920,127.8485,0.0019,0.0019
18/04/2017 22:00:06,1,1.1827,1.1827,1.1827,20.8324,20.8050,43.1423,43.1436,7.0109,7.0148,127.5647,127.5874,0.0020,0.0020
19/04/2017 00:00:05,1,1.2072,1.2072,1.2072,20.5247,20.4894,43.1416,43.1415,6.9177,6.9262,127.5467,127.5194,0.0021,0.0021
19/04/2017 02:00:03,1,1.1980,1.1980,1.1980,20.1861,20.1607,43.1824,43.1832,6.8231,6.8267,128.4100,128.4221,0.0021,0.0021
19/04/2017 04:00:06,1,1.1796,1.1796,1.1796,19.9602,19.9390,43.2149,43.2150,6.7829,6.7867,129.3861,129.3847,0.0021,0.0021
19/04/2017 06:00:08,1,1.1784,1.1784,1.1784,19.7349,19.7124,43.2277,43.2280,6.7224,6.7247,129.8685,129.8687,0.0022,0.0022
19/04/2017 08:00:05,1,1.1829,1.1829,1.1829,19.5137,19.4955,43.2440,43.2447,6.6808,6.6833,130.4428,130.4538,0.0022,0.0022
19/04/2017 10:00:05,1,1.1879,1.1879,1.1879,19.4388,19.4724,43.2525,43.2528,6.8303,6.8248,130.9114,130.9021,0.0022,0.0022
19/04/2017 12:00:07,1,1.1968,1.1968,1.1968,19.5743,20.9165,43.2525,43.2851,7.8949,7.0223,131.0580,131.5526,0.0022,0.0021
19/04/2017 14:00:04,1,1.1874,1.1874,1.1874,19.6692,21.4431,43.2542,43.2684,8.4383,7.2648,131.2802,131.5835,0.0021,0.0020
19/04/2017 16:00:03,1,1.1640,1.1640,1.1640,19.9118,21.0030,43.2386,43.2439,8.4660,7.4466,131.3259,131.2496,0.0021,0.0019
19/04/2017 18:00:06,1,1.1691,1.1691,1.1691,20.2003,20.5342,43.2359,43.2427,7.4601,7.4837,131.2230,131.0176,0.0020,0.0019
19/04/2017 20:00:09,1,1.1713,1.1713,1.1713,20.1953,20.1697,43.2449,43.2456,7.2976,7.2988,131.0187,131.0200,0.0020,0.0020
19/04/2017 22:00:05,1,1.1574,1.1574,1.1574,19.9130,19.8870,43.2568,43.2575,7.1469,7.1481,131.2589,131.2618,0.0020,0.0020
