"Year","mm","region","FCI","age_bottom","temp_bottom","nh4_bottom","CHLA","sal_strat","hypoxia_area","nsamples","region2","oxygen_bottom","salinity_.bottom","Period","depth"
1979,8,"LM",17.96126605,35.9363,13.561,0.0468,2.1106,6.0359,0,1,"river",8.2556,15.0335,"1979-83","OS"
1979,8,"MC",51.71203059,35.1471,13.7705,0.0058,1.6629,2.665,0,1,"basin",8.1526,32.6199,"1979-83","OS"
1979,8,"SH",50.91620966,82.6593,13.2181,0.5943,4.8681,2.7422,0,1,"basin",9.3136,17.6527,"1979-83","OS"
1979,8,"SR",31.16456759,33.2253,12.7379,0.0923,1.7177,6.345,0,1,"river",9.0014,8.4435,"1979-83","OS"
1979,8,"WP",75.14693477,67.9729,15.8256,0.3126,2.2181,1.7985,2.0159,1,"basin",3.635,32.0333,"1979-83","OS"
1979,9,"LM",41.85275184,43.9799,16.5535,0.0427,4.5973,5.2726,0,1,"river",7.5209,13.6476,"1979-83","OS"
1979,9,"MC",75.6386881,31.9522,14.7995,0.0035,1.8724,2.0124,0,1,"basin",7.9883,30.8207,"1979-83","OS"
1979,9,"SR",35.11585782,30.5362,17.05965,0.06855,4.3573,3.5658,0,2,"river",8.1458,4.4528,"1979-83","OS"
1979,9,"WP",82.22443162,79.3519,16.4911,0.0303,14.8105,0.5614,3.8742,1,"basin",8.3729,19.0576,"1979-83","OS"
1979,10,"SR",41.80472479,77.2467,17.8446,8e-04,33.8216,0.3769,0,1,"river",8.1903,17.9979,"1979-83","OS"
1979,11,"LM",48.26668097,69.2439,16.6787,0.0363,50.1426,3.8041,2.0422,1,"river",8.2033,16.3367,"1979-83","OS"
1979,11,"MC",60.77661435,38.8523,16.9334,0.0126,13.2909,0.9954,0,1,"basin",7.7643,32.557,"1979-83","OS"
1979,11,"SH",30.79474228,125.7834,19.1607,0.0223,13.5285,0.1423,2.3084,1,"basin",8.1143,23.4251,"1979-83","OS"
1979,11,"SR",38.16911969,67.6509,19.206,0.0061,31.6192,2.5284,0,1,"river",8.1236,10.8966,"1979-83","OS"
1979,11,"WP",56.47905306,88.8873,16.0328,0.0312,14.1503,0.6122,10.0417,1,"basin",7.6655,34.547,"1979-83","OS"
1979,12,"LM",63.87919978,87.4721,20.3323,0.0271,62.0723,2.2248,1.7273,1,"river",7.1672,21.6056,"1979-83","OS"
1979,12,"MC",63.47000777,21.4085,20.6874,0.0124,21.7786,0.0605,0.5245,1,"basin",7.3377,35.6857,"1979-83","OS"
1979,12,"SH",47.09089084,143.3323,18.504,0.0204,50.0958,1.1633,3.0443,1,"basin",7.943,24.2182,"1979-83","OS"
1979,12,"SR",48.58532254,105.25465,20.0688,0.00095,64.7553,0.22215,0,2,"river",7.46995,24.9458,"1979-83","OS"
1979,12,"WP",25.75025762,97.9586,17.4933,0.0411,37.9191,0.3965,10.7761,1,"basin",7.1802,30.705,"1979-83","OS"
1980,2,"LM",48.31515677,125.0333,22.435,0.0377,33.5072,1.6439,4.6006,1,"river",6.7294,38.1567,"1979-83","OS"
1980,2,"MC",73.38930664,47.9214,22.9855,0.094,2.9688,0.0817,1.0221,1,"basin",6.279,38.9522,"1979-83","OS"
1980,2,"SH",62.74289273,194.5579,25.3817,0.0424,11.6686,0.1304,4.3804,1,"basin",6.2843,36.3902,"1979-83","OS"
1980,2,"SR",43.08505331,180.9293,22.8871,0.0231,25.62755,0.5132,0.04925,2,"river",6.2309,51.0541,"1979-83","OS"
1980,2,"WP",39.67064429,133.114,22.1221,0.0448,3.6991,0.1025,22.8573,1,"basin",5.8845,39.8561,"1979-83","OS"
1980,3,"MC",37.09648315,66.5612,22.5572,0.069,11.1454,0.9085,0.524,1,"basin",7.2678,41.3492,"1979-83","OS"
1980,3,"SR",55.48417404,129.96045,19.0427,0.0322,42.31435,0.0252,0.97375,2,"river",6.922,46.68715,"1979-83","OS"
1980,3,"WP",38.24976726,124.2704,21.2599,0.0224,6.946,0.4936,28.2844,1,"basin",5.5874,43.3222,"1979-83","OS"
1980,4,"LM",42.81386338,121.5521,20.8205,0.0765,90.0922,2.3548,7.0802,1,"river",6.3778,41.4338,"1979-83","OS"
1980,4,"SH",61.53941731,264.064,21.5401,0.0241,13.2684,0.0046,6.6228,1,"basin",5.6795,47.7839,"1979-83","OS"
1980,5,"LM",52.58787532,120.0542,15.2452,0.0995,38.6479,9.8395,11.5843,1,"river",5.5467,38.8286,"1979-83","OS"
1980,5,"MC",34.28389713,33.2475,16.3392,0.0259,7.1665,0.0873,0,1,"basin",7.6921,37.3423,"1979-83","OS"
1980,5,"SH",57.13823991,274.5587,14.6397,0.0185,6.5466,0.2443,2.7727,1,"basin",6.5325,47.6174,"1979-83","OS"
1980,5,"SR",43.553419495,140.8815,14.23705,0.04465,17.4758,0.251,0,2,"river",7.3668,46.2903,"1979-83","OS"
1980,5,"WP",55.26550866,138.7533,14.4339,0.0404,12.1575,0.0411,23.3458,1,"basin",6.0948,44.2653,"1979-83","OS"
1980,6,"LM",31.70504533,53.6552,13.2589,0.0217,1.4853,13.3046,0,1,"river",6.4002,31.411,"1979-83","OS"
1980,6,"MC",44.85808272,40.58295,12.88805,0.0046,0.85085,0.7128,0,2,"basin",8.0444,35.5967,"1979-83","OS"
1980,6,"SH",75.62358277,71.687,11.7006,0.0135,3.9125,1.3172,0,1,"basin",8.2872,35.263,"1979-83","OS"
1980,6,"SR",36.0857832333333,46.4539333333333,12.7508,0.0319666666666667,7.04806666666667,4.10283333333333,0,3,"river",8.25143333333333,19.6676666666667,"1979-83","OS"
1980,6,"WP",69.62514966,58.0511,12.7829,0.0284,6.1648,1.1189,0,1,"basin",8.2142,34.7483,"1979-83","OS"
1980,7,"LM",32.03922331,11.9691,13.2522,0.0831,2.2534,1.982,0,1,"river",8.5332,5.2783,"1979-83","OS"
1980,7,"MC",34.54158466,22.2795,15.0161,0.007,2.2717,6.6282,0,1,"basin",7.9965,31.7372,"1979-83","OS"
1980,7,"SH",69.90608959,68.0309,13.6953,0.3337,12.7445,0.9666,0,1,"basin",9.0349,14.702,"1979-83","OS"
1980,8,"EP",61.94130379,32.6624,11.8124,0.0908,2.4112,0.6452,0,1,"basin",9.5789,10.8062,"1979-83","OS"
1980,8,"SR",35.699881925,10.80495,10.9772,0.18425,1.77305,0.0928,0,2,"river",10.2661,0.8676,"1979-83","OS"
1980,8,"WP",69.25049377,52.2712,14.0238,0.0377,1.5293,1.9078,0.6319,1,"basin",8.1187,18.4588,"1979-83","OS"
1980,9,"EP",31.1098011,48.6244,14.1227,0.0264,4.5866,0.8135,0,1,"basin",9.3523,11.581,"1979-83","OS"
1980,9,"LM",38.31436275,13.7467,14.6177,0.0496,2.145,0.0046,0,1,"river",9.6367,3.5299,"1979-83","OS"
1980,9,"MC",43.42581562,22.0537,15.0161,0.005,1.3737,8.3756,0,1,"basin",8.1214,29.7855,"1979-83","OS"
1980,9,"SH",37.877251595,47.2591,16.1367,0.11675,30.22,0.1567,0,2,"basin",8.89535,4.18365,"1979-83","OS"
1980,9,"SR",33.973691,21.4366666666667,15.1023,0.0820666666666667,2.30406666666667,1.06016666666667,0,3,"river",9.28246666666667,1.65013333333333,"1979-83","OS"
1980,9,"WP",52.85205392,49.8298,14.5341,0.0198,3.6653,1.8242,0,1,"basin",9.6721,13.3377,"1979-83","OS"
1980,10,"MC",64.43328312,24.6366,18.9618,0.0028,4.4779,6.0091,0,1,"basin",7.5572,31.2439,"1979-83","OS"
1980,10,"WP",56.89402809,69.0908,16.2919,0.0689,19.4469,1.4472,6.5886,1,"basin",7.2189,11.7637,"1979-83","OS"
1980,11,"EP",78.84663813,71.358,19.0692,0.032,102.7749,1.4915,3.3484,1,"basin",8.521,19.9129,"1979-83","OS"
1980,11,"LM",40.68287222,49.7054,25.2673,0.0148,51.4149,2.0979,2.2057,1,"river",6.5345,12.8056,"1979-83","OS"
1980,11,"MC",53.82023313,20.5999,18.7989,0.0049,16.1928,3.7349,0,2,"basin",7.6647,33.9582,"1979-83","OS"
1980,11,"SH",51.34390314,84.34645,21.91545,0.02985,51.15285,0.8865,0.18555,2,"basin",8.241,8.2929,"1979-83","OS"
1980,11,"SR",44.099336925,59.3278,19.53245,0.0025,25.8416,0.83385,0,2,"river",7.95445,13.7869,"1979-83","OS"
1980,11,"WP",27.78221377,75.1419,20.8719,0.2406,171.4216,0.719,8.8185,1,"basin",7.1989,31.7115,"1979-83","OS"
1980,12,"WP",54.33515387,80.5966,17.8282,0.0427,74.3986,0.6749,5.4909,1,"basin",7.618,26.6781,"1979-83","OS"
1981,1,"EP",19.22142781,93.3004,24.3718,0.0828,87.7742,0.2401,17.6291,1,"basin",6.7675,32.6117,"1979-83","OS"
1981,1,"LM",71.42857143,56.6109,24.6941,0.0102,33.7993,2.5973,0.313,1,"river",7.0718,19.1954,"1979-83","OS"
1981,1,"MC",42.85714286,63.1605,21.1346,0.04,44.2985,1.1692,1.0473,1,"basin",7.4255,32.0643,"1979-83","OS"
1981,1,"SH",45.66811499,135.92915,21.43865,0.0232,140.39225,0.2756,0.08225,2,"basin",7.84825,17.46755,"1979-83","OS"
1981,1,"SR",29.447064745,129.5395,25.02745,0.0023,43.2941,0.06335,0,2,"river",6.619,25.4452,"1979-83","OS"
1981,1,"WP",68.43917148,98.1132,21.8315,0.5295,54.7203,0.0514,13.365,1,"basin",5.8637,35.4598,"1979-83","OS"
1981,2,"MC",39.65766623,35.6733,20.6792,0.051,22.016,-4e-04,0,1,"basin",6.872,37.3003,"1979-83","OS"
1981,2,"WP",48.94440253,91.8038,23.2447,0.0596,47.5829,0.003,15.521,1,"basin",5.8254,37.1003,"1979-83","OS"
1981,3,"EP",30.08996217,128.8988,18.6711,0.1169,33.4649,0.2434,30.8801,1,"basin",5.5836,42.8772,"1979-83","OS"
1981,3,"LM",32.16000527,108.1597,19.7193,0.0691,56.1896,2.5286,6.0727,1,"river",6.6983,34.0983,"1979-83","OS"
1981,3,"MC",68.52122653,43.3141,19.5718,0.0416,8.0586,0.2165,1.2702,1,"basin",7.1202,37.7299,"1979-83","OS"
1981,3,"SH",44.72318701,192.13385,18.4175,0.0299,50.74235,0.2779,0.76205,2,"basin",7.6089,33.13035,"1979-83","OS"
1981,3,"SR",29.20057335,125.37165,18.55235,0.0744,31.15915,0.13805,0,2,"river",6.9768,42.0559,"1979-83","OS"
1981,3,"WP",70.6146679,135.6366,18.3426,0.0831,32.9147,0.2114,21.8566,1,"basin",6.2325,41.0681,"1979-83","OS"
1981,4,"MC",33.33333333,6.3476,18.809,0.0405,1.4474,0.1673,0,1,"basin",6.7163,37.3773,"1979-83","OS"
1981,4,"WP",68.81901215,5.3367,21.11,0.0306,0,-0.0128,21.4303,1,"basin",4.8334,35.0746,"1979-83","OS"
1981,5,"EP",59.40007404,35.705,14.598,0.0044,1.9168,0.1759,0,1,"basin",6.6202,40.0144,"1979-83","OS"
1981,5,"LM",38.63585105,40.2946,17.4923,0.0091,3.3708,1.3284,0,1,"river",6.2121,35.8623,"1979-83","OS"
1981,5,"MC",44.57729527,31.6464,17.8742,0.0029,0.6078,0.2421,0,1,"basin",7.2656,37.655,"1979-83","OS"
1981,5,"SH",53.71998884,36.80025,16.4095,0.1841,5.0267,0.4202,11.58165,2,"basin",5.13135,42.3552,"1979-83","OS"
1981,5,"SR",33.67648207,42.5518,17.35395,0.00635,16.8265,-0.0031,0,2,"river",6.92115,40.03555,"1979-83","OS"
1981,5,"WP",29.29393356,35.9188,15.1675,0.004,0.5155,0.0773,0.0093,1,"basin",6.9009,39.6012,"1979-83","OS"
1981,6,"MC",45.72949388,39.9391,11.405,0.0184,1.2048,5.4836,0,1,"basin",8.8096,31.2704,"1979-83","OS"
1981,6,"WP",62.50347305,54.0874,10.695,0.0154,2.1307,1.1709,0,1,"basin",8.8302,33.0183,"1979-83","OS"
1981,7,"EP",57.14285714,54.9648,11.0141,0.0192,1.7123,3.4081,0.1651,1,"basin",9.8183,22.0817,"1979-83","OS"
1981,7,"LM",46.6384326,31.5556,11.1164,0.0539,1.7006,5.9496,0,1,"river",8.5721,13.1986,"1979-83","OS"
1981,7,"MC",39.41335749,17.5174,13.6174,0.003,0.7567,1.8075,0,1,"basin",7.73,34.1698,"1979-83","OS"
1981,7,"SH",57.34596505,59.38775,12.8649,0.39915,3.92895,2.56665,1.83515,2,"basin",7.9829,19.9488,"1979-83","OS"
1981,7,"SR",27.45589157,27.245,10.82025,0.0941,2.25995,3.6481,0,2,"river",9.6636,8.0464,"1979-83","OS"
1981,7,"WP",63.48985835,54.3151,11.1927,0.0168,1.0882,1.6089,0,1,"basin",9.8512,22.8632,"1979-83","OS"
2013,5,"LM",53.27108271,25.06,19.6571,0.0358666666666667,4.0701,5.47293333333333,72.7972666666667,3,"river",1.99666666666667,34.7366666666667,"2013-14","OS"
2013,5,"UM",39.7525449833333,22.3435,19.4892,0.0486,3.7948,7.6536,89.1109,3,"river",0.52,34.5066666666667,"2013-14","OS"
2013,7,"LM",51.426072535,0.8864,13.1301,0.0348,3.1743,0.4306,0.0865,2,"river",8.245,3.7,"2013-14","OS"
2013,7,"UM",44.3405815433333,0.7926,12.8201,0.0409,3.1744,0.3763,0.0865,3,"river",9.1353,2.937,"2013-14","OS"
2013,8,"SR",75.8639528266667,60.7825,15.7588,0.0128,3.9793,0.7906,0,3,"river",4.74,16.4466666666667,"2013-14","OS"
2013,10,"LM",41.92892476,8.81593333333333,18.9014666666667,0.0187333333333333,4.80476666666667,2.32886666666667,2.00223333333333,3,"river",7.4,6.31666666666667,"2013-14","OS"
2013,10,"UM",11.7808720626667,2.4604,17.4052,0.0238,3.1744,1.3103,0.1067,3,"river",7.86333333333333,2.83333333333333,"2013-14","OS"
2014,2,"LM",60.47960639,45.2841,22.9564,0.0397,66.3044,3.0781,4.9738,2,"river",3.2,33.795,"2013-14","OS"
2014,2,"UM",50.95805788,45.3975,22.8212,0.0393,71.0527,3.2316,6.1304,3,"river",0.786666666666667,30.47,"2013-14","OS"
2014,5,"LM",58.39980414,29.9445,17.5761,0.0162333333333333,9.45106666666667,3.9939,1.56126666666667,3,"river",4.71813333333333,26.9879,"2013-14","OS"
2014,5,"UM",63.2617754966667,23.1912,16.749,0.023,9.4252,3.3694,3.5048,3,"river",0.256666666666667,34.5133333333333,"2013-14","OS"
2016,5,"EP",59.51590963,36.2353,15.6226,0.0045,2.8635,0.7846,4.1845,2,"basin",9.7,38.65,"2016-18","OS"
2016,5,"LM",71.0276497566667,37.4902,16.2927,0.0103,1.8698,2.4365,0,3,"river",6.63333333333333,30.6666666666667,"2016-18","OS"
2016,5,"SR",52.37223033,35.0367,15.0993,0.0075,3.5201,0.1474,0,3,"river",6.296,36.3495,"2016-18","OS"
2016,5,"UM",23.6844574033333,16.0092,21.2743,0.0276,3.1741,2.5716,0.5891,3,"river",3.91666666666667,20.4333333333333,"2016-18","OS"
2016,7,"EP",24.853737405,56.2344,12.6018,0.0185,5.1051,3.1483,0,2,"basin",9.1,31.35,"2016-18","OS"
2016,7,"LM",59.68517477,40.9399,12.0402,0.0171,1.5643,11.1554,0,3,"river",3.63333333333333,24.5,"2016-18","OS"
2016,7,"SR",67.2093644666667,66.7977,12.2571,0.0165,5.2989,0.4743,0,3,"river",7.16666666666667,14.1666666666667,"2016-18","OS"
2016,7,"UM",20.8236021966667,6.3341,12.4604,0.0358,3.1741,2.4129,0.398,3,"river",10.8,5.13333333333333,"2016-18","OS"
2016,8,"NH",49.3331035133333,50.9373,13.2548,0.0096,1.3391,0.2088,0,3,"basin",6.56666666666667,33.3,"2016-18","OS"
2016,8,"SH",38.7589181466667,69.9711,11.3111,0.0488,2.5915,2.2138,2.7046,3,"basin",7.16666666666667,29.3,"2016-18","OS"
2016,9,"NH",42.0634920633333,29.4802,14.9014,0.0191,6.2865,1.9337,0.6351,3,"basin",7.9,31.6,"2016-18","OS"
2016,10,"EP",50.74063602,45.369,19.2217,0.0641,125.629,1.7138,5.8312,3,"basin",9,28.6333333333333,"2016-18","OS"
2016,10,"LM",50.69363332,37.7278,19.343,0.0161,101.9792,4.2481,1.5391,3,"river",5.93333333333333,18.4,"2016-18","OS"
2016,10,"SH",41.59287538,51.8207,21.8006,0.0473,62.1114,2.6768,5.5883,3,"basin",13.4666666666667,28.5666666666667,"2016-18","OS"
2016,10,"SR",60.7804621566667,33.8777,19.6403,0.0351,35.5829,2.4505,0,3,"river",7.86666666666667,7.03333333333333,"2016-18","OS"
2016,10,"WP",37.2789314833333,31.1933,17.9961,0.046,96.4048,2.1059,3.6006,3,"basin",8.56666666666667,31.9666666666667,"2016-18","OS"
2017,2,"EP",67.6578888233333,94.951,23.5077,0.1303,59.5291,0.2541,29.9608,3,"basin",7.1,38.3666666666667,"2016-18","OS"
2017,2,"NH",57.74030144,66.6528,25.7322,0.0574,111.1066,-0.012,6.876,3,"basin",8.26666666666667,38.0333333333333,"2016-18","OS"
2017,2,"SH",53.01014841,137.4746,24.0781,0.0841,166.6532,1.413,25.7691,3,"basin",7.1,41.6333333333333,"2016-18","OS"
2017,2,"SR",56.0964721333333,102.1751,18.1787,0.0041,50.3936,7e-04,0,3,"river",6.76666666666667,51.9333333333333,"2016-18","OS"
2017,2,"UM",49.7874537333333,55.507,29.047,0.03,101.2853,6.4736,10.9969,3,"river",1,29.2666666666667,"2016-18","OS"
2017,2,"WP",48.4629768833333,77.6564,23.3622,0.0917,46.3534,0.342,20.5045,3,"basin",7.13333333333333,37.4333333333333,"2016-18","OS"
2017,4,"EP",56.06197568,80.4335,19.6903,0.0898,44.639,0.9156,20.7454,2,"basin",8.9,37.9,"2016-18","OS"
2017,4,"LM",56.56057771,70.9621,18.9649,0.062,19.7809,4.2747,8.5765,3,"river",4.9,32.8666666666667,"2016-18","OS"
2017,5,"SR",41.0622665466667,84.1717,15.5458,0.0296,24.4797,0.0874,0,3,"river",6.06666666666667,37.2666666666667,"2016-18","OS"
2017,5,"UM",26.7966416566667,19.4708,14.3992,0.0178,9.5851,2.3762,0.4878,3,"river",0.19,23.2,"2016-18","OS"
2017,6,"EP",55.35109296,72.4025,12.9389,0.0657,12.3518,4.0202,14.5647,2,"basin",8.25,33.45,"2016-18","OS"
2017,6,"LM",41.40750103,83.4019,13.6317,0.0412,8.3976,6.6621,0.0376,3,"river",6.03333333333333,33.9,"2016-18","OS"
2017,6,"SR",35.7603831033333,123.8932,16.3935,0.0291,6.6968,0.5248,0,3,"river",7.33333333333333,33.3,"2016-18","OS"
2017,6,"UM",19.5390019866667,41.9566,18.9941,0.0335,5.5761,5.4914,2.3267,3,"river",0.333333333333333,28.4333333333333,"2016-18","OS"
2017,9,"EP",0,21.3334,16.9705,0.0851,6.1706,3.4447,17.0933,2,"basin",10.65,25.3,"2016-18","OS"
2017,9,"SR",0,22.8617,20.7207,0.0247,3.1182,4.5333,0,3,"river",4.2,8.83333333333333,"2016-18","OS"
2017,10,"LM",4.76190476333333,9.2463,18.3739,0.0568,5.047,0.2531,0,3,"river",4.13333333333333,6.6,"2016-18","OS"
2017,10,"UM",38.7810235866667,3.0559,18.6602,0.0868,5.9735,1.327,0,3,"river",5.46666666666667,2.73333333333333,"2016-18","OS"
2018,1,"EP",37.542780045,76.853,25.0111,0.1144,131.283,0.9285,26.4724,2,"basin",7.15,36.1,"2016-18","OS"
2018,1,"LM",32.3649696333333,66.3184,28.7795,0.067,96.6975,2.0406,7.0177,3,"river",3.66666666666667,36.2333333333333,"2016-18","OS"
2018,1,"SR",56.2557720733333,99.9045,26.895,0.0153,70.0818,0.0986,0.0985,3,"river",6,37.1333333333333,"2016-18","OS"
2018,1,"UM",23.6412574233333,28.2338,31.3774,0.0196,46.1278,3.6541,5.7674,3,"river",1.53333333333333,19.0333333333333,"2016-18","OS"
1979,4,"WP",77.9523587,25.4568,15.177,0.0039,0.3684,0.0643,0,1,"basin",7.1139,40.5673,"1979-83","NS"
1979,5,"EP",73.02926375,28.9724,16.7645,0.006,8.2823,0.0472,0.1,1,"basin",6.5903,40.6654,"1979-83","NS"
1979,5,"LM",64.28350183,30.3765,16.7196,0.0272,7.7512,0.1126,0,1,"river",7.0297,37.2305,"1979-83","NS"
1979,5,"NH",73.73428068,31.016,17.6716,0.2042,5.0906,0.0303,0,1,"basin",7.774,45.768,"1979-83","NS"
1979,5,"SH",71.173842305,29.7483,18.866,0.2734,2.8362,1.3146,21.0528,2,"basin",8.4965,45.6275,"1979-83","NS"
1979,5,"SR",64.403787545,29.861,16.6037,0.0449,9.7104,-0.0016,0,4,"river",7.2146,41.2924,"1979-83","NS"
1979,6,"EP",73.34767931,66.2995,10.7029,0.0217,3.2527,2.1276,0.4241,2,"basin",8.3372,36.9967,"1979-83","NS"
1979,6,"LM",66.7892643233333,52.1281666666667,11.6094,0.0206666666666667,2.85436666666667,5.1302,0,3,"river",8.00936666666667,30.4451333333333,"1979-83","NS"
1979,6,"NH",67.50400321,66.402,15.3022,0.0793,5.5412,0.0025,0,1,"basin",8.6567,40.7054,"1979-83","NS"
1979,6,"SH",64.8820723566667,56.514,15.3726,0.0595,1.8304,1.1713,0.5252,3,"basin",5.6894,39.6844,"1979-83","NS"
1979,6,"SR",65.1820076733333,71.4934,9.7652,0.0093,4.4376,2.662,0,3,"river",7.9025,33.0499,"1979-83","NS"
1979,6,"WP",70.34089653,57.86,15.7686,0.0266,1.0168,0.0818,0,1,"basin",7.2912,37.5769,"1979-83","NS"
1979,8,"LM",56.09413634,51.2473666666667,13.5246666666667,0.0310333333333333,2.12296666666667,10.5903666666667,0,3,"river",7.8677,19.3768333333333,"1979-83","NS"
1979,8,"NH",77.71567734,80.6458,12.9051,0.0192,4.4615,0.9574,0,1,"basin",8.8019,26.157,"1979-83","NS"
1979,8,"SH",70.24793388,39.9642,13.1591,0.0871,2.6878,1.8125,6.0921,1,"basin",6.4982,11.8893,"1979-83","NS"
1979,8,"SR",61.366209335,33.2253,12.7379,0.0923,1.7177,6.345,0,2,"river",9.0014,8.4435,"1979-83","NS"
1979,8,"WP",76.59615954,69.9547,12.48135,0.02385,1.98365,0.4882,0,2,"basin",9.21165,26.02055,"1979-83","NS"
1979,9,"EP",49.17041673,64.9016,16.6293,0.0348,8.7101,1.5876,4.4169,1,"basin",8.3408,19.2096,"1979-83","NS"
1979,9,"LM",48.36065442,35.3995,15.3244,0.0497,5.7305,4.39895,0.13765,2,"river",8.647,10.25875,"1979-83","NS"
1979,9,"NH",61.00435865,94.8191,17.5598,0.0784,10.401,0.6033,0.0611,1,"basin",6.9233,19.3464,"1979-83","NS"
1979,9,"SH",60.6837592,62.1265,17.7906,0.0381,7.2761,1.1421,0.827,2,"basin",7.4576,20.6024,"1979-83","NS"
1979,9,"SR",49.8282375733333,29.64,14.0421666666667,0.082,3.35093333333333,4.01963333333333,0,3,"river",9.17246666666667,5.04983333333333,"1979-83","NS"
1979,9,"WP",63.57354074,72.3434,16.73125,0.0229,9.9016,0.76245,2.65415,2,"basin",9.2415,22.1802,"1979-83","NS"
1979,10,"LM",37.71534567,56.0691,17.5203,0.0151,32.1,2.5301,0.3014,1,"river",8.5782,14.1871,"1979-83","NS"
1979,10,"SR",51.81468844,74.4227,17.1295,0.0019,32.5194,1.2752,0,2,"river",8.4379,15.4509,"1979-83","NS"
1979,11,"EP",33.89632728,85.4428,18.3965,0.0455,67.8448,0.4912,12.0804,1,"basin",7.7633,23.4978,"1979-83","NS"
1979,11,"LM",48.2441070675,58.540175,19.124575,0.0198,29.8604,1.260475,0.917525,4,"river",8.163225,15.03305,"1979-83","NS"
1979,11,"NH",79.82023501,127.0105,15.0643,0.0235,15.4903,0.2725,0,1,"basin",8.9324,23.3428,"1979-83","NS"
1979,11,"SH",55.558027435,90.3783,14.4317,0.0535,90.4561,0.0514,0,2,"basin",9.748,18.9463,"1979-83","NS"
1979,11,"WP",78.94448686,88.8873,16.0328,0.0312,14.1503,0.6122,10.0417,1,"basin",7.6655,34.547,"1979-83","NS"
1979,12,"LM",46.25536248,84.6619,20.0714,0.0317,68.1336,1.6538,0.9261,1,"river",7.1249,21.0754,"1979-83","NS"
1979,12,"NH",45.45454545,146.8271,17.3895,0.016,49.2994,0.449,0.4803,1,"basin",8.2298,23.5499,"1979-83","NS"
1979,12,"SH",55.921810745,138.8575,17.2015,0.1178,203.2787,0.1898,0,2,"basin",8.8894,14.7517,"1979-83","NS"
1979,12,"SR",56.8216867266667,106.136766666667,20.0121,0.001,62.2445333333333,0.170833333333333,0,3,"river",7.53233333333333,25.1673666666667,"1979-83","NS"
1979,12,"WP",72.524588935,96.859,18.6223,0.0494,40.1814,0.9248,17.2254,2,"basin",6.6621,30.9887,"1979-83","NS"
1980,2,"LM",51.8537495766667,119.3431,24.0136666666667,0.0340666666666667,28.2576333333333,1.4898,2.44763333333333,3,"river",6.9812,37.1248666666667,"1979-83","NS"
1980,2,"NH",85.17064423,206.4043,21.8631,0.0704,2.2508,0.926,5.8965,1,"basin",6.6282,40.5267,"1979-83","NS"
1980,2,"SH",53.084597225,217.0421,23.6482,0.3132,35.1476,0.8338,5.1322,2,"basin",6.0139,40.062,"1979-83","NS"
1980,2,"SR",62.57946433,131.1771,22.1309,0.0504,24.7027,0.0029,0.9397,2,"river",6.5476,44.2463,"1979-83","NS"
1980,2,"WP",68.06876855,129.4415,22.3711,0.0731,7.1109,0.0529,24.8605,2,"basin",5.8749,42.921,"1979-83","NS"
1980,3,"LM",64.81773205,124.5884,19.60575,0.10135,79.06385,3.13275,10.351,2,"river",5.99095,42.04605,"1979-83","NS"
1980,3,"SR",61.53652861,129.80405,19.3507,0.03035,43.1222,0.07125,0.8551,2,"river",6.97445,46.70505,"1979-83","NS"
1980,3,"WP",81.30065493,129.9612,19.6851,0.07265,17.83005,0.2523,29.3935,2,"basin",5.2763,47.15765,"1979-83","NS"
1980,4,"NH",77.59077001,264.064,21.5401,0.0241,13.2684,0.0046,6.6228,1,"basin",5.6795,47.7839,"1979-83","NS"
1980,4,"SH",59.90842289,287.0706,22.2281,0.0453,25.3277,0.7042,4.2099,2,"basin",5.6331,41.2104,"1979-83","NS"
1980,5,"LM",66.834195245,111.18375,15.65555,0.075,48.2429,2.26655,3.98815,2,"river",6.57115,36.8908,"1979-83","NS"
1980,5,"NH",78.53341791,276.4311,14.8122,0.0186,6.3187,0.0771,3.0174,1,"basin",6.4223,47.5972,"1979-83","NS"
1980,5,"SH",61.488966255,296.9122,14.8935,0.0177,3.1707,3.0982,0.3892,2,"basin",6.5577,42.2459,"1979-83","NS"
1980,5,"SR",64.34242588,147.8002,13.8822,0.0464,17.1064,0.4851,0,3,"river",7.2993,47.0861,"1979-83","NS"
1980,5,"WP",66.1318746716667,132.791,14.9443166666667,0.0490166666666667,15.6181666666667,0.0928833333333333,23.1565833333333,6,"basin",6.11228333333333,43.8098166666667,"1979-83","NS"
1980,6,"LM",70.066835305,38.4936,12.6685,0.0504,2.5317,10.5751,0,2,"river",7.2479,23.43745,"1979-83","NS"
1980,6,"NH",73.93287962,71.687,11.7006,0.0135,3.9125,1.3172,0,1,"basin",8.2872,35.263,"1979-83","NS"
1980,6,"SH",65.185950415,46.7336,12.0574,0.0679,1.8569,5.4911,1.8994,2,"basin",9.1349,21.6319,"1979-83","NS"
1980,6,"SR",56.226623475,53.73665,12.56875,0.01435,8.2134,3.61365,0,2,"river",8.1194,24.5104,"1979-83","NS"
1980,6,"WP",79.453141385,58.0511,12.7829,0.0284,6.1648,1.1189,0,4,"basin",8.2142,34.7483,"1979-83","NS"
1980,7,"SR",54.47949839,13.0422,13.8656,0.1305,1.2858,0.7437,0,2,"river",8.8491,1.6361,"1979-83","NS"
1980,7,"WP",70.52726573,51.2885,13.4086,0.3305,3.8561,2.728,2.0556,2,"basin",8.7764,21.151,"1979-83","NS"
1980,8,"LM",46.55152321,7.4758,11.6032,0.0756,2.4894,0.0032,0,2,"river",10.1321,3.3215,"1979-83","NS"
1980,8,"NH",73.08536998,67.5251,13.7379,0.029,4.1407,2.2717,0.1098,1,"basin",8.3539,19.3607,"1979-83","NS"
1980,8,"SH",76.696127945,39.5258,13.9202,0.1259,2.5938,4.9882,18.432,2,"basin",4.8765,10.6974,"1979-83","NS"
1980,8,"SR",54.69350203,10.6644,11.1676,0.1806,1.6066,0.0759,0,1,"river",10.2289,0.8642,"1979-83","NS"
1980,8,"WP",69.665648415,51.6427,11.2852,0.0298,2.0532,2.0472,0,2,"basin",9.659,16.3783,"1979-83","NS"
1980,9,"LM",62.41080234,24.4309,14.619,0.0343,2.837,1.7159,0,1,"river",8.5906,5.8917,"1979-83","NS"
1980,9,"SR",59.8904180966667,21.573,14.1836666666667,0.0804,2.24953333333333,1.29866666666667,0,3,"river",9.45996666666667,1.7978,"1979-83","NS"
1980,10,"NH",71.93994712,76.8602,16.1607,0.0221,27.4769,0.1806,0,1,"basin",8.8685,6.4819,"1979-83","NS"
1980,10,"SH",70.424173625,26.7919,16.8646,0.0329,41.3906,0.0209,0,2,"basin",9.298,3.7248,"1979-83","NS"
1980,10,"WP",73.12795534,63.8719333333333,16.6479666666667,0.0327666666666667,15.9069,1.0989,1.068,3,"basin",8.3326,16.7803333333333,"1979-83","NS"
1980,11,"LM",69.810087855,49.7054,25.2673,0.0148,51.4149,2.0979,2.2057,2,"river",6.5345,12.8056,"1979-83","NS"
1980,11,"NH",70.28799993,94.9017,18.8108,0.0118,23.3325,1.5783,0.0149,1,"basin",8.5304,12.0439,"1979-83","NS"
1980,11,"SH",55.817859405,69.18585,20.7541,0.0434,49.0598,0.14705,0,2,"basin",8.621,3.8555,"1979-83","NS"
1980,11,"SR",55.808050855,67.1767,23.842,6e-04,35.1766,0.0499,0,2,"river",7.0592,16.3125,"1979-83","NS"
1980,11,"WP",74.729021675,67.7613,18.6013,0.0335,99.3289,1.7379,7.421,2,"basin",7.9723,21.6543,"1979-83","NS"
1980,12,"WP",80.65352216,81.4637,17.4434,0.0374,73.0868,0.637,11.3134,1,"basin",7.6074,26.8558,"1979-83","NS"
1981,1,"LM",73.187877415,62.3781,24.7175,0.01885,46.48595,1.62045,0.3149,2,"river",7.03445,20.4486,"1979-83","NS"
1981,1,"NH",64.48459733,142.3362,25.2364,0.0181,44.6702,0.3028,1.061,1,"basin",7.1334,22.1139,"1979-83","NS"
1981,1,"SH",78.90328177,129.545,24.5554,0.0434,233.2464,0.0286,0.1564,2,"basin",7.3394,13.0144,"1979-83","NS"
1981,1,"SR",26.84140977,137.2065,25.4561666666667,0.00413333333333333,40.1270666666667,0.136166666666667,0,3,"river",6.63366666666667,26.0660333333333,"1979-83","NS"
1981,1,"WP",60.45320566,97.619,22.1394,0.0597,39.9455,0.2711,12.8044,2,"basin",6.6552,29.701,"1979-83","NS"
1981,2,"WP",61.32339758,99.2748,20.5665,0.0504,44.206,0.0319,14.2326,1,"basin",5.8774,37.2048,"1979-83","NS"
1981,3,"LM",48.640216185,109.75245,18.7831,0.07915,67.58745,2.4133,3.82745,2,"river",6.9536,34.6634,"1979-83","NS"
1981,3,"NH",58.6410887,197.668,19.6828,0.0147,22.5107,0.2762,1.4255,1,"basin",7.2208,34.3432,"1979-83","NS"
1981,3,"SH",64.91091099,189.9551,19.2261,0.0265,112.3255,0.132,0.1669,2,"basin",7.5375,25.0899,"1979-83","NS"
1981,3,"SR",52.51500942,119.72905,18.92975,0.05915,31.1766,0.1111,0,2,"river",6.76905,41.4456,"1979-83","NS"
1981,3,"WP",62.8796546,129.2542,18.7956,0.0833,34.4557,0.1571,19.8118,2,"basin",5.9867,40.9605,"1979-83","NS"
1981,4,"WP",81.8197294,6.3467,21.4834,0.0554,2.3522,-0.0111,23.8177,1,"basin",4.5146,39.4012,"1979-83","NS"
1981,5,"LM",56.933631025,40.708,17.79925,0.0093,3.3237,1.0965,0.10695,2,"river",6.06455,35.7337,"1979-83","NS"
1981,5,"NH",46.57687991,37.6155,15.4182,0.0048,4.6734,0.0335,0,1,"basin",7.2296,41.7284,"1979-83","NS"
1981,5,"SH",27.083333335,37.1606,14.7994,0.0133,1.7286,1.1437,24.803,2,"basin",2.9476,42.1404,"1979-83","NS"
1981,5,"SR",44.17479457,43.1957,17.71285,0.0062,16.59135,-0.001,0,2,"river",6.8623,40.1589,"1979-83","NS"
1981,5,"WP",55.644728205,34.8312,14.9163,0.0038,0.3941,0.1006,0,2,"basin",7.0807,39.4708,"1979-83","NS"
1981,6,"WP",80.07436388,54.3989,10.8535,0.0148,1.3615,3.3692,0,1,"basin",9.0396,32.5543,"1979-83","NS"
1981,7,"LM",46.08502558,35.7008,11.113,0.0485,1.7477,7.4357,0,2,"river",8.7079,14.3072,"1979-83","NS"
1981,7,"NH",46.82270929,67.6702,10.8247,0.0214,3.8575,1.8215,0,1,"basin",8.9375,24.4706,"1979-83","NS"
1981,7,"SH",31.790123455,50.9486,11.7133,0.0275,1.9607,3.5388,9.3258,2,"basin",5.7595,17.7065,"1979-83","NS"
1981,7,"SR",27.27272727,29.1154,10.5345,0.0895,2.3914,4.8554,0,1,"river",9.5253,9.2189,"1979-83","NS"
1981,7,"WP",42.910212925,57.1742,10.6751,0.0179,1.1289,1.0369,0.0215,2,"basin",10.323,22.3379,"1979-83","NS"
1981,10,"WP",44.32006694,62.8754,19.4052,0.0117,11.4082,0.2391,0,1,"basin",8.7618,22.5122,"1979-83","NS"
1981,11,"LM",62.26915494,39.5126,20.2539,0.0144,2.6035,1.5929,0,1,"river",7.5314,11.7502,"1979-83","NS"
1981,11,"NH",62.8488502,84.4733,19.9215,0.1698,38.272,1.1116,0,1,"basin",7.5148,18.45,"1979-83","NS"
1981,11,"SH",73.13692826,60.2793,20.5266,0.0212,75.2624,0.0829,0,1,"basin",9.3966,14.0623,"1979-83","NS"
1981,11,"SR",53.77591644,50.0892,20.0679,0.0232,4.1927,0.8437,0,1,"river",8.3305,5.6138,"1979-83","NS"
1981,11,"WP",76.64041494,60.2064,20.5744,0.1467,36.959,1.9978,0.8465,2,"basin",4.099,28.7499,"1979-83","NS"
1981,12,"LM",58.17108191,54.2951,21.1573,0.0088,11.3325,0.3836,0,2,"river",7.6062,13.9958,"1979-83","NS"
1981,12,"NH",53.44158627,109.9902,20.8449,0.0482,233.3696,0.6546,0,1,"basin",7.4612,24.9316,"1979-83","NS"
1981,12,"SH",73.39468098,94.9551,22.2636,0.0458,548.4621,0.1208,0,1,"basin",6.8869,20.9156,"1979-83","NS"
1981,12,"SR",29.18790259,80.7435,20.7066,0.0145,19.4117,4e-04,0,1,"river",8.0521,10.1448,"1979-83","NS"
1981,12,"WP",62.846243825,81.6556,21.8683,0.0435,95.8265,0.6246,9.3634,2,"basin",7.3193,32.5755,"1979-83","NS"
1982,1,"LM",52.31960105,86.004,20.0104,0.0139,32.4871,1.7312,0,2,"river",7.2241,25.5459,"1979-83","NS"
1982,1,"NH",64.72847796,132.0124,18.1908,0.071,157.5072,0.897,0,1,"basin",4.2364,30.3288,"1979-83","NS"
1982,1,"SH",78.12384229,129.5798,17.0467,0.0318,404.3667,0.1256,0,1,"basin",7.1754,28.757,"1979-83","NS"
1982,1,"SR",49.28335699,105.5658,20.3598,8e-04,33.3799,0.0086,0,1,"river",7.233,31.4242,"1979-83","NS"
1982,1,"WP",63.86223967,86.5524,18.2445,0.1787,28.5776,0.3751,9.7571,2,"basin",5.8783,35.2656,"1979-83","NS"
1982,2,"LM",44.280429365,16.6087,24.1878,0.0439,58.3936,2.7832,2.5381,2,"river",6.7993,5.6476,"1979-83","NS"
1982,2,"NH",73.21976935,133.0359,24.5245,0.0078,29.1927,0.1436,0.0996,1,"basin",7.4404,19.3676,"1979-83","NS"
1982,2,"SH",67.04545455,101.0659,24.5974,0.0213,88.211,0.5842,0.0745,1,"basin",8.0116,12.0336,"1979-83","NS"
1982,2,"SR",50.96111851,114.7908,22.0314,0.0266,58.2479,0.0976,0,1,"river",7.7677,10.5604,"1979-83","NS"
1982,2,"WP",43.843680835,76.6163,24.6499,0.0455,141.0663,0.2335,20.7746,2,"basin",6.1173,21.6937,"1979-83","NS"
1982,3,"LM",56.80943579,59.0926,25.3044,0.0033,25.6799,3.4524,0.2919,2,"river",5.5293,17.815,"1979-83","NS"
1982,3,"NH",59.2223719,172.88165,21.73785,0.03535,27.8131,0.1688,0,2,"basin",9.5282,28.50995,"1979-83","NS"
1982,3,"SH",73.315927705,168.3226,22.4606,0.01135,59.828,0.23885,24.22155,2,"basin",11.22205,26.7279,"1979-83","NS"
1982,3,"SR",71.59404297,129.4071,25.2288,0.0206,20.4829,0.6399,0,1,"river",6.0815,15.4967,"1979-83","NS"
1982,3,"WP",51.1379654075,95.99865,22.5141,0.01205,10.1176,0.1414,0.2681,4,"basin",8.6065,34.13515,"1979-83","NS"
1982,4,"LM",55.862106605,0,22.0427,1.0647,9.6674,1.2546,0,2,"river",6.4578,35.6568,"1979-83","NS"
1982,4,"SR",62.4951955,0,21.6284,0.0388,2.7465,0.0477,0,1,"river",7.8123,36.3636,"1979-83","NS"
1982,5,"LM",60.513960605,33.4833,15.6378,0.0136,3.8129,2.541,0,2,"river",5.9217,35.8002,"1979-83","NS"
1982,5,"NH",48.96846328,34.6146,15.8414,0.005,5.4072,0.0139,0,1,"basin",7.3748,38.7355,"1979-83","NS"
1982,5,"SH",45.61637653,33.8364,15.602,0.0137,1.9738,1.3234,26.2422,1,"basin",2.9173,37.2395,"1979-83","NS"
1982,5,"SR",54.73457418,28.5824,15.1933,0.0099,1.3522,0.0368,0,1,"river",6.8743,37.5293,"1979-83","NS"
1982,5,"WP",71.4212183,32.3911,15.8456,0.0043,0.449,0.1909,0,2,"basin",6.9596,39.2536,"1979-83","NS"
1982,9,"LM",33.32109185,17.0756,15.7782,0.0391,2.2037,0.266,0,3,"river",8.1794,5.4607,"1979-83","NS"
1982,9,"NH",37.62583093,63.0364,16.579,0.0231,3.8801,0.2558,0,1,"basin",8.4052,6.5537,"1979-83","NS"
1982,9,"SH",59.91812839,22.0041,16.3628,0.071,2.6841,0.0611,0,1,"basin",8.4087,1.7175,"1979-83","NS"
1982,9,"SR",34.5642794,20.7891,15.5502,0.1086,2.0784,0.682,0,1,"river",8.8951,1.638,"1979-83","NS"
1982,9,"WP",40.812378335,55.7515,16.2974,0.0225,3.8693,1.1572,0,2,"basin",8.3728,13.8519,"1979-83","NS"
1982,10,"EP",68.062492205,57.9444,16.7528,0.048,19.1982,1.1681,0,4,"basin",8.6785,13.0593,"1979-83","NS"
1982,10,"LM",56.2044703625,12.8655,17.18735,0.05145,4.2558,0.0089,0,4,"river",8.2904,3.78865,"1979-83","NS"
1982,10,"NH",59.26908795,64.40235,15.71465,0.0608,31.6765,0.35895,0,2,"basin",6.328,11.4244,"1979-83","NS"
1982,10,"SH",49.126299065,19.86335,17.02235,0.0344,34.0064,0.0111,0,2,"basin",8.73285,3.75805,"1979-83","NS"
1982,10,"SR",62.64151133,21.9138,17.25005,0.0616,3.13555,0.00145,0,2,"river",8.7185,1.624,"1979-83","NS"
1982,10,"WP",65.057659484,63.69586,16.25016,0.02062,26.42812,0.2956,0.01372,5,"basin",6.21002,25.8248,"1979-83","NS"
1982,11,"LM",70.9280447033333,38.4243333333333,17.9255,0.0254,23.2691666666667,1.04076666666667,0.2169,3,"river",8.10726666666667,9.36906666666667,"1979-83","NS"
1982,11,"NH",54.87824098,84.4525,21.06165,0.2367,70.93,1.18435,0,2,"basin",3.25925,25.0926,"1979-83","NS"
1982,11,"SH",56.39774956,57.0231333333333,21.2728333333333,0.4424,189.4275,0.0518,12.7646,3,"basin",7.7989,13.1234666666667,"1979-83","NS"
1982,11,"SR",60.3028597,55.493,20.9323,0.02725,18.08395,1.3473,2.10205,2,"river",6.76585,7.10285,"1979-83","NS"
1982,11,"WP",59.3490187925,69.19445,21.76135,0.11985,74.1243,1.10005,0.23965,4,"basin",5.9268,28.2456,"1979-83","NS"
1982,12,"LM",59.5374132025,64.4378,21.08135,0.0056,9.9549,1.3876,0,4,"river",7.28805,17.14845,"1979-83","NS"
1982,12,"NH",57.5721826,108.1779,28.0419,0.1985,21.6479,0.7059,0,1,"basin",5.31,30.1333,"1979-83","NS"
1982,12,"SH",60.73151264,99.0784,29.4121,0.033,60.3661,0.2051,9.8028,1,"basin",7.8774,24.9599,"1979-83","NS"
1982,12,"SR",55.27684783,90.2106,20.98645,0.00685,16.9176,0.20315,0,2,"river",7.42775,20.0732,"1979-83","NS"
1982,12,"WP",51.114798815,78.4484,25.7149,0.1363,8.2381,0.6565,5.8654,2,"basin",2.5958,36.1522,"1979-83","NS"
1983,1,"LM",66.9482739,94.5467,26.405,0.0285,58.0283,0.7379,1.9845,1,"river",5.2146,27.9823,"1979-83","NS"
1983,1,"NH",42.38677979,131.2673,26.5272,0.0172,19.1631,0.7012,0.1082,1,"basin",7.1262,35.2422,"1979-83","NS"
1983,1,"SH",42.89461645,136.8869,27.1808,0.0377,287.2486,0.273,3.3297,1,"basin",6.2176,32.2617,"1979-83","NS"
1983,1,"SR",44.51933368,110.3001,25.8818,0.0142,56.7664,-0.0014,0.2252,1,"river",6.4708,33.8795,"1979-83","NS"
1983,1,"WP",53.396547255,86.4514,26.6445,0.0268,29.5823,0.2207,14.3313,2,"basin",7.9219,37.259,"1979-83","NS"
1983,2,"LM",52.05365544,87.984,22.3959,0.0313,64.8552,1.4252,2.3418,2,"river",6.4622,28.9109,"1979-83","NS"
1983,2,"NH",56.97011367,165.317,23.4918,0.0447,21.9477,0.1917,0.184,1,"basin",5.6388,37.5838,"1979-83","NS"
1983,2,"SH",25.762340385,152.3384,23.5781,0.0024,101.7299,0.0993,0.9522,2,"basin",7.8632,37.0753,"1979-83","NS"
1983,2,"SR",60.62709627,161.1472,22.2311,0.002,43.631,0.1143,0,1,"river",6.2419,39.8534,"1979-83","NS"
1983,2,"WP",53.30196431,116.3362,24.3881,0.1287,29.871,0.0547,15.005,2,"basin",4.8102,38.7021,"1979-83","NS"
1983,3,"LM",66.19860773,112.7361,19.6554,0.0405,64.3689,1.3541,2.7501,2,"river",6.9397,34.0101,"1979-83","NS"
1983,3,"NH",51.3344023733333,196.5776,21.3797666666667,0.0102333333333333,32.7727666666667,0.05,0.519033333333333,3,"basin",7.02423333333333,35.5325333333333,"1979-83","NS"
1983,3,"SH",55.29752618,198.1878,21.27145,0.0281,58.5098,0.2792,0.41785,2,"basin",7.02925,26.57295,"1979-83","NS"
1983,3,"SR",53.15186938,116.4948,19.5999,0.0429,62.4033,0.0678,0,1,"river",7.2695,40.5634,"1979-83","NS"
1983,3,"WP",69.1165276375,117.62595,21.35795,0.0602,48.9586,0.0516,20.3803,4,"basin",6.2662,40.92265,"1979-83","NS"
1983,4,"LM",62.5227875266667,118.548133333333,18.9254333333333,0.0612666666666667,44.4127666666667,2.77983333333333,4.58373333333333,3,"river",6.44693333333333,37.0740333333333,"1979-83","NS"
1983,4,"SR",70.01608657,121.0621,16.7294,0.021,36.6127,0.0627,0,1,"river",7.5622,40.8501,"1979-83","NS"
1996,4,"EP",66.7900951533333,20.4763,16.2562,0.0045,2.533,0.5371,8.3639,3,"basin",5.3412,40.2505,"1996-97","NS"
1996,4,"NH",68.9715670633333,17.4328,17.0606,0.0051,1.2208,0.2832,0,3,"basin",7.0068,40.2152,"1996-97","NS"
1996,4,"SH",58.1164501933333,20.3308,16.2624,0.0051,1.704,1.846,33.3555,3,"basin",2.1978,44.3386,"1996-97","NS"
1996,4,"WP",70.14154181,18.9061,16.7568,0.0048,1.7132,0.1663,1.5951,3,"basin",6.5144,39.2181,"1996-97","NS"
1996,5,"EP",57.4181345266667,40.6674,13.7883,0.0047,2.3155,0.4653,0.1907,3,"basin",6.5161,38.1806,"1996-97","NS"
1996,5,"NH",59.8562598866667,29.4242,14.0267,0.003,1.1146,0.6362,0,3,"basin",7.356,39.4275,"1996-97","NS"
1996,5,"SH",57.7473368666667,45.4901,13.2543,0.0126,1.9415,1.5587,19.4846,3,"basin",3.4327,41.1198,"1996-97","NS"
1996,5,"WP",57.3145833066667,35.6303,13.7309,0.0036,1.7609,0.167,0,3,"basin",7.073,38.3791,"1996-97","NS"
1996,7,"EP",62.23991137,13.1342,11.6602,0.096,2.3032,0.3727,0,3,"basin",9.8771,9.2747,"1996-97","NS"
1996,7,"NH",49.8673095833333,33.3322,12.2997,0.0922,1.5396,0.6504,0,3,"basin",9.2678,20.7867,"1996-97","NS"
1996,7,"SH",58.96397841,12.3416,11.9875,0.207,2.3748,0.0624,0,3,"basin",9.6395,3.9091,"1996-97","NS"
1996,7,"WP",57.45072068,21.5232,11.7561,0.08,2.0003,0.5176,0,3,"basin",9.6016,16.0574,"1996-97","NS"
1996,8,"EP",64.08085455,7.1974,12.8354,0.1548,2.9281,0.4107,0,3,"basin",9.1943,3.0021,"1996-97","NS"
1996,8,"NH",57.0179685166667,13.587,14.4928,0.0508,1.7402,6.5645,0,3,"basin",8.084,21.7209,"1996-97","NS"
1996,8,"SH",55.5392066866667,7.917,14.1021,0.3402,2.7262,0.796,0,3,"basin",9.1636,3.4584,"1996-97","NS"
1996,8,"WP",63.1325345566667,15.7288,13.8162,0.0465,2.0131,1.9976,0,3,"basin",9.0771,10.0094,"1996-97","NS"
1996,10,"EP",45.82780882,25.0014,18.0369,0.052,2.6512,0.8708,0,3,"basin",8.1402,12.5881,"1996-97","NS"
1996,10,"NH",55.8417545833333,16.6112,17.7427,0.0094,0.8189,2.3604,0,3,"basin",7.2797,28.5903,"1996-97","NS"
1996,10,"SH",46.9676032966667,20.0526,18.3062,2e-04,1.871,0.8555,0,3,"basin",7.7441,24.1158,"1996-97","NS"
1996,10,"WP",45.12519543,22.987,18.4439,0.0105,3.5976,1.8788,0,3,"basin",7.9511,24.6976,"1996-97","NS"
1996,11,"EP",56.5564183266667,33.8351,22.6617,0.0055,2.8976,1.384,23.0733,3,"basin",3.8097,24.9832,"1996-97","NS"
1996,11,"NH",53.69449769,24.2818,20.8989,0.0017,1.6445,0.8067,0,3,"basin",7.0208,31.5394,"1996-97","NS"
1996,11,"SH",50.8831434166667,35.1476,22.6913,0.0796,3.3126,0.9635,44.9225,3,"basin",2.0161,20.5159,"1996-97","NS"
1996,11,"WP",47.24200156,29.3889,21.5318,0.0041,1.4719,0.7685,8.6901,3,"basin",5.7326,28.109,"1996-97","NS"
1997,1,"EP",63.7622262466667,69.9684,23.4135,0.0787,107.9035,0.1615,19.8933,3,"basin",6.6036,38.4292,"1996-97","NS"
1997,1,"NH",59.2702977633333,50.3523,23.4878,0.0594,87.121,-0.0109,2.1011,3,"basin",6.8719,37.8954,"1996-97","NS"
1997,1,"SH",52.83768165,81.8368,23.3172,0.1001,145.6254,0.8618,15.1855,3,"basin",6.5427,35.6602,"1996-97","NS"
1997,1,"WP",58.4373625666667,47.9258,23.5564,0.0491,83.0266,0.0045,12.4836,3,"basin",6.8006,38.2922,"1996-97","NS"
1997,2,"EP",52.1305565233333,86.9867,20.5001,0.0915,30.2977,0.1558,22.4115,3,"basin",7.3013,45.1933,"1996-97","NS"
1997,2,"NH",52.8512768333333,63.9615,20.9812,0.0405,28.9779,0.1229,4.7818,3,"basin",7.3154,41.4215,"1996-97","NS"
1997,2,"SH",50.87359257,100.1475,20.2985,0.1043,36.1667,0.2824,20.141,3,"basin",6.8985,40.6413,"1996-97","NS"
1997,2,"WP",63.96122834,68.5151,20.8489,0.0667,18.6786,0.0806,15.8318,3,"basin",7.1674,43.543,"1996-97","NS"
1997,4,"EP",70.7969625333333,6.4417,19.2956,0.0236,3.6407,0.0325,8.619,3,"basin",5.5764,38.9002,"1996-97","NS"
1997,4,"NH",63.24215972,7.3495,19.878,0.0276,2.7076,0.2825,0,3,"basin",6.6122,39.231,"1996-97","NS"
1997,4,"SH",58.4328168266667,7.4507,19.8835,0.0096,3.1704,1.3203,50.1463,3,"basin",1.478,43.7011,"1996-97","NS"
1997,4,"WP",60.8990089666667,6.4189,19.4848,0.0165,1.7729,0.0949,2.8961,3,"basin",5.8798,38.385,"1996-97","NS"
1997,5,"EP",62.4608417733333,29.8966,14.5579,0.0037,3.0005,1.2829,0.035,3,"basin",6.2452,39.2012,"1996-97","NS"
1997,5,"NH",45.86995577,25.7766,15.02,0.0042,0.8659,0.2385,0,3,"basin",7.3743,40.5195,"1996-97","NS"
1997,5,"SH",44.0850815833333,32.7696,14.4082,0.0208,1.9521,1.8114,26.4978,3,"basin",2.8205,42.751,"1996-97","NS"
1997,5,"WP",56.68215313,28.7117,14.6262,0.0036,1.1903,0.0497,0.1624,3,"basin",7.1582,38.9345,"1996-97","NS"
1997,6,"SR",58.8366666666667,31.4476,11.7223,0.0323,1.7879,1.7205,0,3,"river",8.8052,13.9538,"1996-97","NS"
1997,7,"EP",54.11476861,33.7437,12.6864,0.0161,2.0477,3.5735,0,6,"basin",8.8161,21.5141,"1996-97","NS"
1997,7,"NH",50.5719363,31.1506,13.4705,0.0126,1.1039,5.1317,0.1076,6,"basin",7.9823,27.7241,"1996-97","NS"
1997,7,"SH",53.30130758,28.4308,12.6328,0.0585,2.5049,4.6785,13.3339,6,"basin",5.1428,12.2769,"1996-97","NS"
1997,7,"SR",63.455,20.1816,12.4733,0.0688,1.3748,1.532,0,2,"river",9.844,4.6249,"1996-97","NS"
1997,7,"WP",51.2977811466667,33.5995,12.7773,0.0112,1.288,1.6277,0,6,"basin",8.5526,25.9617,"1996-97","NS"
1997,9,"SR",62.55,10.03,17.1354,0.0974,1.5652,1e-04,0,3,"river",8.4386,0.2842,"1996-97","NS"
1997,10,"EP",57.0426821166667,35.1636,17.7852,0.0391,8.8287,2.5179,0.3203,3,"basin",8.6522,19.2107,"1996-97","NS"
1997,10,"NH",74.4615196266667,29.5576,19.5713,0.0055,4.4828,2.0703,1.2524,3,"basin",8.0654,30.6792,"1996-97","NS"
1997,10,"SH",53.87626122,30.0192,19.8381,0.0025,6.1406,0.9458,1.1647,3,"basin",7.7502,23.6637,"1996-97","NS"
1997,10,"WP",55.70474904,30.2286,17.5012,0.0018,6.4818,3.0231,0.8538,3,"basin",7.5859,31.5117,"1996-97","NS"
1997,11,"EP",56.9058879466667,47.3085,19.789,0.0079,4.8771,0.3628,2.0961,3,"basin",6.8618,28.3195,"1996-97","NS"
1997,11,"NH",61.2541461666667,27.8619,22.1713,0.0011,1.4117,0.4096,0,3,"basin",7.7278,34.4981,"1996-97","NS"
1997,11,"SH",48.4965763633333,48.9704,23.0008,0.0037,5.2559,0.3944,27.9283,3,"basin",7.2341,31.8759,"1996-97","NS"
1997,11,"SR",65.13,46.2833,20.5942,0.0168,12.3029,0.8024,0,1,"river",7.5368,11.0177,"1996-97","NS"
1997,11,"WP",51.0079138933333,38.2112,22.0335,0.0011,5.8739,0.5096,1.0794,3,"basin",7.0992,36.0932,"1996-97","NS"
2005,8,"EP",75.4250715775,29.972125,13.089925,0.01725,2.679625,4.3861,1.87235,8,"basin",7.225475,18.616,"2005-07","NS"
2005,8,"LM",64.53792994,11.9385428571429,13.3481428571429,0.0269,2.89107142857143,2.58914285714286,0.0480857142857143,7,"river",8.64945714285714,5.5245,"2005-07","NS"
2005,8,"NH",64.75169439625,22.6139,13.83645,0.0123,1.15025,5.59105,0,16,"basin",7.75905,26.88025,"2005-07","NS"
2005,8,"SH",71.320011555,25.72995,13.15665,0.04075,2.88055,2.72785,0,16,"basin",7.41985,14.27615,"2005-07","NS"
2005,8,"WP",66.69153231,29.1247166666667,13.09005,0.0162333333333333,1.48771666666667,3.75128333333333,0.316866666666667,12,"basin",7.8693,20.9897166666667,"2005-07","NS"
2005,10,"EP",68.323022255,31.0099,18.9649,0.0641,4.945,1.1972,2.3177,2,"basin",7.6971,20.564,"2005-07","NS"
2005,10,"NH",58.29388161,18.0015,16.5118,0.0222,15.0722,0.343,0,8,"basin",7.9294,30.2433,"2005-07","NS"
2005,10,"SH",62.774957815,28.2583,16.1448,0.0399,14.3158,0.4585,0,12,"basin",8.9556,16.4513,"2005-07","NS"
2005,10,"SR",55.368643095,28.7324,18.4638,0.0154333333333333,3.10416666666667,2.1108,0,6,"river",7.82996666666667,10.4476333333333,"2005-07","NS"
2005,10,"WP",64.393027015,23.9345,17.845,0.0447,4.9781,1.7806,2.9195,2,"basin",7.4754,26.1714,"2005-07","NS"
2005,11,"EP",73.5133234066667,37.7328666666667,17.7257,0.0363,19.3134333333333,2.0845,3.29253333333333,6,"basin",9.24746666666667,22.956,"2005-07","NS"
2005,11,"LM",59.4025825925,23.80025,18.2903,0.0323,14.8443,4.1333,0,12,"river",8.8068,9.59965,"2005-07","NS"
2005,11,"NH",69.1736014214286,22.0948,17.6713285714286,0.0214,32.9035285714286,1.70708571428571,0.224914285714286,7,"basin",7.88571428571429,31.0000571428571,"2005-07","NS"
2005,11,"SH",60.4100585866667,35.9226,17.1532,0.0744,31.871,1.2346,0.1142,12,"basin",9.1531,19.3457,"2005-07","NS"
2005,11,"SR",63.97677397,36.264,18.4445,0.0316,8.7384,3.2502,0,6,"river",8.183,5.9621,"2005-07","NS"
2005,11,"WP",55.8283506,31.5418,17.2872,0.0341,17.1598,0.9594,4.6798,1,"basin",8.0455,27.5192,"2005-07","NS"
2006,1,"LM",74.3682407083333,61.0846,19.3978,0.0062,82.0116,3.5906,4.3989,6,"river",8.9634,33.3197,"2005-07","NS"
2006,1,"NH",66.0806661275,63.885,17.7178,0.0191,23.732,0.0077,4.5203,4,"basin",8.9273,32.6575,"2005-07","NS"
2006,1,"SR",61.7448989133333,115.1258,19.1261,0.016,21.8951,0.0119,0,6,"river",7.4699,38.7609,"2005-07","NS"
2006,1,"WP",62.541293985,60.411,17.3441,-2e-04,24.5227,-0.006,13.1098,2,"basin",8.2206,32.6678,"2005-07","NS"
2006,2,"EP",56.6314816825,82.2837,22.4763,0.0963,68.317,0.3575,33.649,4,"basin",5.6706,43.9517,"2005-07","NS"
2006,2,"LM",62.0391018566667,76.8054,19.7835,0.077,133.4247,4.0441,8.6984,6,"river",6.6802,35.4998,"2005-07","NS"
2006,2,"NH",64.2555699833333,62.6685,19.8753333333333,0.0231333333333333,29.0868666666667,0.120166666666667,5.9613,12,"basin",7.38346666666667,38.1158,"2005-07","NS"
2006,2,"SH",64.52190531,100.4939,26.1905,0.0166,69.7115,0.9343,18.8366,1,"basin",5.9704,39.7574,"2005-07","NS"
2006,2,"SR",66.025146825,95.0371,19.3359,0.0256,48.4182,-0.0026,0.1533,6,"river",7.2658,42.3836,"2005-07","NS"
2006,2,"WP",64.0720854725,63.29235,20.29905,0.03895,20.42815,0.16145,17.0867,4,"basin",7.1741,37.3722,"2005-07","NS"
2006,3,"EP",62.75827741,77.7261,19.4248,0.0742,58.5925,0.1241,23.7494,2,"basin",6.1466,44.763,"2005-07","NS"
2006,3,"SH",59.3975247005263,118.2212,19.3793,0.063,93.6404,0.6853,15.3343,19,"basin",6.2492,43.4576,"2005-07","NS"
2006,5,"EP",56.76503127375,40.1544,15.422925,0.005625,2.738675,0.206875,0.08095,8,"basin",6.467475,38.669,"2005-07","NS"
2006,5,"LM",51.3532790616667,39.9953,16.10565,0.01175,3.33655,3.6143,0.13655,12,"river",5.83275,34.87235,"2005-07","NS"
2006,5,"NH",61.778772230625,31.88075,15.3821,0.0075,1.1447,0.2424,0,16,"basin",7.482,33.44525,"2005-07","NS"
2006,5,"SH",59.1572060225,43.03845,15.0447,0.00255,2.26545,1.59705,19.70495,24,"basin",4.08005,33.37625,"2005-07","NS"
2006,5,"SR",60.389981902,44.216,15.6416,0.00725,3.7206,0.0773,0,10,"river",7.0145,39.0572,"2005-07","NS"
2006,5,"WP",62.407749765,38.9542,14.41655,-0.0011,1.53805,0.077175,0,8,"basin",8.156225,32.755975,"2005-07","NS"
2006,8,"EP",74.6587135025,53.6299,13.3896,0.025,11.46145,1.0939,0,4,"basin",8.5011,28.44325,"2005-07","NS"
2006,8,"LM",60.838614955,15.7786,13.097,0.0327,10.0883,0.9934,0,6,"river",9.4943,8.4565,"2005-07","NS"
2006,8,"NH",64.2644499225,57.8403,15.1298,0.0132,2.6498,2.0828,0,8,"basin",7.9061,31.3925,"2005-07","NS"
2006,8,"SH",65.87128057625,56.1582,14.2935,0.06865,3.4632,2.32235,0.8717,24,"basin",9.31175,16.83215,"2005-07","NS"
2006,8,"SR",55.730331235,48.0107,13.1184,0.0343,12.5617,0.678,0,6,"river",9.2945,16.0881,"2005-07","NS"
2006,8,"WP",69.401082095,48.8808666666667,14.5305333333333,0.0150333333333333,2.82303333333333,2.33456666666667,0.122,6,"basin",8.4541,30.6133666666667,"2005-07","NS"
2006,9,"EP",66.4585428075,44.40095,15.49355,0.0346,5.9765,1.1389,0.0417,4,"basin",8.893,22.00155,"2005-07","NS"
2006,9,"LM",64.9154484066667,14.865,14.6853,0.0333,4.3851,2.0148,0,6,"river",8.834,6.5184,"2005-07","NS"
2006,9,"NH",59.53279024125,53.9055,13.377,0.016,5.9875,0.6483,0,8,"basin",8.6208,26.6008,"2005-07","NS"
2006,9,"SR",63.966720146,20.6353,14.2635,0.0875,6.5416,0.5559,0,5,"river",9.3079,4.101,"2005-07","NS"
2006,9,"WP",73.354779775,40.2466,15.8674,0.0175,4.5262,0.8655,0,2,"basin",8.3899,26.9424,"2005-07","NS"
2007,1,"NH",67.7242133275,56.7941,23.6009,0.025,21.4949,0.3228,6.4593,8,"basin",6.5768,40.4271,"2005-07","NS"
2007,1,"SH",59.0600082858333,142.2986,24.8016,0.0071,51.4395,0.9482,23.6098,12,"basin",5.7792,45.5946,"2005-07","NS"
2007,1,"WP",67.9149384225,70.4443,25.2045,0.0462,21.6342,1.7876,25.7031,4,"basin",5.4778,43.6516,"2005-07","NS"
2007,2,"EP",56.05541714,89.1666,27.2186,0.1111,61.4041,0.2664,34.1541,2,"basin",5.5927,45.9201,"2005-07","NS"
2007,2,"LM",70.7032714066667,83.4115,27.8133,0.1163,98.8265,2.9795,18.8545,6,"river",5.6923,38.5512,"2005-07","NS"
2007,2,"SR",74.28431256,80.9404,27.5761,0.2728,58.7536,0.3598,29.6196,6,"river",4.8843,44.0571,"2005-07","NS"
2007,3,"EP",63.128226645,82.40515,26.99125,0.0958,71.8589,0.1493,33.70475,4,"basin",5.03975,45.99595,"2005-07","NS"
2007,3,"LM",57.6169133416667,86.2222,27.9488,0.0924,81.4062,1.4286,12.8474,6,"river",5.589,41.7914,"2005-07","NS"
2007,3,"NH",67.28492437875,76.2172,24.0177,0.0185,29.8157,0.7347,5.9825,8,"basin",6.2474,43.5372,"2005-07","NS"
2007,3,"SH",59.2256023775,159.5,26.0789,0.0849,85.4662,0.7828,21.59065,12,"basin",5.76885,50.4595,"2005-07","NS"
2007,3,"SR",62.2051099466667,95.6524,28.1418,0.1759,119.1675,0.2362,24.472,6,"river",4.4556,48.3979,"2005-07","NS"
2007,3,"WP",68.2278408375,67.3372,24.4253,0.05795,29.32245,0.42845,19.55795,4,"basin",6.1876,44.22655,"2005-07","NS"
2008,7,"EP",62.7808799533333,43.6591,11.3625,0.0082,1.7575,3.2517,0,6,"basin",8.8006,25.8634,"2008-10","NS"
2008,7,"NH",73.31166884,32.0267333333333,13.2787,0.0233666666666667,1.22213333333333,1.84163333333333,0,6,"basin",8.03793333333333,29.6874666666667,"2008-10","NS"
2008,7,"SH",71.639386855,37.4241833333333,11.9913333333333,0.0853,1.94261666666667,2.58821666666667,0.0366333333333333,6,"basin",8.19061666666667,15.7171666666667,"2008-10","NS"
2008,7,"WP",73.00653842,38.0542666666667,12.1319,0.00671666666666667,1.64505,1.59015,0,6,"basin",8.5484,28.5617333333333,"2008-10","NS"
2008,10,"EP",78.27369237125,45.4124,16.3782,0.0384,2.9132,0.3709,0,8,"basin",9.0019,25.2295,"2008-10","NS"
2008,10,"NH",70.25513429375,35.144375,15.370725,0.0167,1.486775,0.781275,0,8,"basin",8.486125,29.23505,"2008-10","NS"
2008,10,"SH",63.5203562425,44.8411,15.8645,0.0112,1.937,0.3009,0,8,"basin",9.2251,19.3092,"2008-10","NS"
2008,10,"WP",73.120623445,36.8743,16.3716,0.0222,1.9614,1.3958,0,8,"basin",8.5211,29.0207,"2008-10","NS"
2009,1,"EP",63.190909975,78.8871,21.1498,0.1359,62.8716,0.3539,18.5348,8,"basin",6.6825,41.393,"2008-10","NS"
2009,1,"NH",69.07756584625,45.911,25.409025,0.0509125,21.1129875,-0.002225,2.6266625,8,"basin",5.6653625,39.1248,"2008-10","NS"
2009,1,"SH",67.071803655,98.468,24.2344,0.0761,81.4803,0.5194,16.6426,8,"basin",6.3074,38.0203,"2008-10","NS"
2009,1,"WP",69.49057585,49.8476,26.3429,0.0699,29.4012,0.0047,12.2207,8,"basin",5.6109,39.4449,"2008-10","NS"
2009,4,"EP",61.14963254125,5.4279,18.3486,0.0274,2.7002,0.0457,24.041,8,"basin",4.6928,40.0648,"2008-10","NS"
2009,4,"NH",73.62785911125,3.227025,18.569325,0.03945,7.093425,0.816675,0,8,"basin",7.7397,41.28975,"2008-10","NS"
2009,4,"SH",64.65357125,0,19.921,0.0678,9.2784,0.6582125,0,8,"basin",7.2701,43.2231,"2008-10","NS"
2009,4,"WP",76.04627078875,4.3549,18.5724,0.0194,4.5181,0.0562,10.0043,8,"basin",8.3281,38.2185,"2008-10","NS"
2009,7,"EP",58.37833876,41.0224,11.8771,0.0272,1.9327,2.7882,0,8,"basin",8.4044,29.8991,"2008-10","NS"
2009,7,"NH",69.50617921375,41.7291,13.0588,0.0184,1.5194,1e-04,0,8,"basin",8.305,33.0912,"2008-10","NS"
2009,7,"SH",72.06252340875,49.1683,12.6904,0.0621,1.9444,0.7051,0.0177,8,"basin",8.728,22.6909,"2008-10","NS"
2009,7,"WP",59.62561862375,35.4105,12.332,0.019,2.046,0.8656,0,8,"basin",8.449,31.112,"2008-10","NS"
2009,10,"EP",59.12551475125,29.9153,15.98,0.0251,3.8986,1.4433,0,8,"basin",8.6261,16.2808,"2008-10","NS"
2009,10,"NH",63.1741534575,20.111,18.398,0.0143,3.8919,2.0797,0,8,"basin",7.9945,26.8699,"2008-10","NS"
2009,10,"SH",48.984023365,27.8429,19.7578,0.0322,4.3984,0.5587,0.0385,8,"basin",9.6033,13.8345,"2008-10","NS"
2009,10,"WP",60.27082541875,24.9431,17.4343,0.0236,3.2036,1.6495,0.5846,8,"basin",7.856,22.1622,"2008-10","NS"
2010,1,"EP",64.11088988,72.1666,24.9532,0.1217,71.8608,0.3326,21.3191,8,"basin",7.8374,41.919,"2008-10","NS"
2010,1,"NH",65.86190014125,55.36565,21.936475,0.041475,22.4041,0.0118,2.612175,8,"basin",6.630975,39.464125,"2008-10","NS"
2010,1,"SH",70.418399565,95.63725,20.6975,0.08795,69.3715,0.4475,15.8825,8,"basin",5.88105,40.16955,"2008-10","NS"
2010,1,"WP",67.15915200625,52.3248,22.627,0.0524,54.3192,-0.0019,11.9995,8,"basin",5.7809,42.0011,"2008-10","NS"
2010,4,"EP",61.31132729125,78.1366,20.3331,0.1334,55.2525,2.7043,38.268,8,"basin",5.2583,43.7764,"2008-10","NS"
2010,4,"NH",75.4741506575,56.4255,18.8055,0.0259,30.8725,1.2271,4.5501,8,"basin",6.9938,40.8534,"2008-10","NS"
2010,4,"SH",69.28806905625,124.1523,17.0595,0.0647,56.8618,1.5534,10.9245,8,"basin",6.0595,45.4729,"2008-10","NS"
2010,4,"WP",62.07713266125,61.0959875,18.1457,0.043275,35.8286625,0.3450875,14.1204875,8,"basin",6.591,41.1333875,"2008-10","NS"
2016,5,"EP",67.435049715,36.2353,15.6226,0.0045,2.8635,0.7846,4.1845,4,"basin",10.0445,38.4387,"2016-18","NS"
2016,5,"LM",60.505888155,37.4902,16.2927,0.0103,1.8698,2.4365,0,4,"river",5.7828,31.9544,"2016-18","NS"
2016,5,"SR",67.4274817225,35.0367,15.0993,0.0075,3.5201,0.1474,0,4,"river",6.296,36.3495,"2016-18","NS"
2016,5,"UM",56.3877023425,16.0092,21.2743,0.0276,3.1741,2.5716,0.5891,4,"river",1.7525,29.3155,"2016-18","NS"
2016,5,"WP",62.456991205,37.9474,18.3038,0.0039,1.1733,0.0171,0,4,"basin",8.0691,37.3019,"2016-18","NS"
2016,6,"NH",65.2840115275,43.2057,14.8453,0.0064,1.1492,0.4882,0,4,"basin",9.4518,38.2215,"2016-18","NS"
2016,6,"SH",64.970508565,51.7499,15.575,0.0393,1.9907,4.0103,15.5618,4,"basin",9.2307,39.097,"2016-18","NS"
2016,7,"EP",58.6558516225,56.2344,12.6018,0.0185,5.1051,3.1483,0,4,"basin",8.7803,30.4674,"2016-18","NS"
2016,7,"LM",55.6038164175,40.9399,12.0402,0.0171,1.5643,11.1554,0,4,"river",7.5233,23.5434,"2016-18","NS"
2016,7,"SR",56.7748757525,66.7977,12.2571,0.0165,5.2989,0.4743,0,4,"river",5.9702,18.3518,"2016-18","NS"
2016,7,"UM",67.0524158975,6.3341,12.4604,0.0358,3.1741,2.4129,0.398,4,"river",10.4717,5.9804,"2016-18","NS"
2016,7,"WP",56.58842244,56.8932,13.3395,0.0405,1.1848,1.957,0,4,"basin",8.2911,31.7425,"2016-18","NS"
2016,8,"NH",60.1632298175,50.9373,13.2548,0.0096,1.3391,0.2088,0,4,"basin",6.6134,33.1052,"2016-18","NS"
2016,8,"SH",44.724105885,69.9711,11.3111,0.0488,2.5915,2.2138,2.7046,4,"basin",6.8753,29.9721,"2016-18","NS"
2016,10,"EP",54.3713193375,45.369,19.2217,0.0641,125.629,1.7138,5.8312,4,"basin",10.6157,30.1944,"2016-18","NS"
2016,10,"LM",58.7242352975,37.7278,19.343,0.0161,101.9792,4.2481,1.5391,4,"river",6.6716,19.2373,"2016-18","NS"
2016,10,"SH",62.3431080975,51.8207,21.8006,0.0473,62.1114,2.6768,5.5883,4,"basin",14.1773,28.9343,"2016-18","NS"
2016,10,"SR",60.594215005,33.8777,19.6403,0.0351,35.5829,2.4505,0,4,"river",6.1498,3.1388,"2016-18","NS"
2016,10,"UM",47.4244926675,2.7875,534425.4014,0.0229,7.4099,1.7768,0.1603,4,"river",13.3049,3.4888,"2016-18","NS"
2016,10,"WP",54.92430863,31.1933,17.9961,0.046,96.4048,2.1059,3.6006,4,"basin",7.6648,30.7676,"2016-18","NS"
2016,11,"NH",64.94834514,33.0633,21.0925,0.0019,38.8209,0.6496,0,4,"basin",7.7585,31.2665,"2016-18","NS"
2017,2,"EP",62.347113345,94.951,23.5077,0.1303,59.5291,0.2541,29.9608,4,"basin",6.7514,39.426,"2016-18","NS"
2017,2,"NH",65.5531915575,66.6528,25.7322,0.0574,111.1066,-0.012,6.876,4,"basin",8.298,38.8932,"2016-18","NS"
2017,2,"SH",77.9393453625,143.5605,25.2549,0.0666,178.6311,1.3942,23.0172,4,"basin",4.5032,41.526,"2016-18","NS"
2017,2,"SR",57.1889978075,102.1751,18.1787,0.0041,50.3936,7e-04,0,4,"river",6.4911,52.4327,"2016-18","NS"
2017,2,"UM",60.6641516725,55.507,29.047,0.03,101.2853,6.4736,10.9969,4,"river",0.9947,32.0443,"2016-18","NS"
2017,2,"WP",62.354715465,77.6564,23.3622,0.0917,46.3534,0.342,20.5045,4,"basin",6.7567,41.8972,"2016-18","NS"
2017,4,"EP",57.29,80.4335,19.6903,0.0898,44.639,0.9156,20.7454,4,"basin",8.3938,39.7581,"2016-18","NS"
2017,4,"LM",64.025,70.9621,18.9649,0.062,19.7809,4.2747,8.5765,4,"river",4.9732,31.5034,"2016-18","NS"
2017,4,"NH",65.2625,88.2291,19.9544,0.0353,49.2257,0.4578,3.6209,4,"basin",6.7241,40.6237,"2016-18","NS"
2017,4,"SH",65.1625,155.384,20.7795,0.0327,79.1961,1.959,5.6495,4,"basin",8.2618,46.1042,"2016-18","NS"
2017,4,"SR",66.8425,99.4712,22.1208,0.0168,24.2544,0.1706,0,4,"river",6.8536,37.608,"2016-18","NS"
2017,4,"UM",67.75,39.8023,24.4696,0.0219,19.3202,6.9235,14.817,4,"river",-0.1369,26.8017,"2016-18","NS"
2017,4,"WP",64.855,76.5999,19.278,0.056,37.6748,0.0026,11.9773,4,"basin",7.4471,35.4855,"2016-18","NS"
2017,6,"EP",55.4075,74.715875,13.109375,0.059475,13.369625,3.2258,14.925425,4,"basin",8.6682,29.47245,"2016-18","NS"
2017,6,"LM",61.665,83.4019,13.6317,0.0412,8.3976,6.6621,0.0376,4,"river",6.2917,30.9538,"2016-18","NS"
2017,6,"NH",63.6325,80.3191,16.3079,0.0395,19.1939,0.0246,0.0474,4,"basin",8.4346,37.3776,"2016-18","NS"
2017,6,"SH",61.5775,128.5912,14.4791,0.0421,25.3492,1.9079,1.5177,4,"basin",7.7227,38.6989,"2016-18","NS"
2017,6,"SR",63.94,123.8932,16.3935,0.0291,6.6968,0.5248,0,4,"river",7.6805,34.0234,"2016-18","NS"
2017,6,"UM",59.7025,41.9566,18.9941,0.0335,5.5761,5.4914,2.3267,4,"river",-0.083,31.2759,"2016-18","NS"
2017,6,"WP",56.8275,80.2913,14.8197,0.0461,15.3803,0.8541,10.4125,4,"basin",7.8509,33.8192,"2016-18","NS"
2017,9,"EP",57.8425,21.3334,16.9705,0.0851,6.1706,3.4447,17.0933,4,"basin",14.3777,20.6939,"2016-18","NS"
2017,9,"NH",62.745,18.5365,18.0648,0.0285,7.0069,3.666,2.0043,4,"basin",7.2097,28.9619,"2016-18","NS"
2017,9,"SR",57.8425,22.8617,20.7207,0.0247,3.1182,4.5333,0,4,"river",2.4266,13.5967,"2016-18","NS"
2017,9,"WP",45.725,21.755,15.5414,0.0278,9.3311,3.3574,2.5427,4,"basin",7.4455,16.5083,"2016-18","NS"
2017,10,"LM",50.935,9.2463,18.3739,0.0568,5.047,0.2531,0,4,"river",8.4881,4.0422,"2016-18","NS"
2017,10,"SH",64.24,40.6034,18.3983,0.0345,42.1097,2.6528,2.333,4,"basin",3.1287,29.0792,"2016-18","NS"
2017,10,"UM",68,3.0559,18.6602,0.0868,5.9735,1.327,0,4,"river",4.5604,2.8368,"2016-18","NS"
2018,1,"EP",56.2025,76.853,25.0111,0.1144,131.283,0.9285,26.4724,4,"basin",7.9385,38.5611,"2016-18","NS"
2018,1,"LM",64.8875,66.3184,28.7795,0.067,96.6975,2.0406,7.0177,4,"river",7.4127,31.666,"2016-18","NS"
2018,1,"NH",35.33,50.6946,25.0605,0.0347,81.0684,-9e-04,5.6182,1,"basin",7.9328,37.3601,"2016-18","NS"
2018,1,"SH",55.8325,89.0124,23.7307,0.0785,214.4711,1.385,10.4359,4,"basin",5.0393,38.5979,"2016-18","NS"
2018,1,"SR",64.7625,99.9045,26.895,0.0153,70.0818,0.0986,0.0985,4,"river",6.0175,36.2753,"2016-18","NS"
2018,1,"UM",78.73,28.2338,31.3774,0.0196,46.1278,3.6541,5.7674,4,"river",-0.1379,23.5814,"2016-18","NS"
2018,2,"NH",50.6266666666667,61.153,24.4216,0.3859,48.0904,0.0664,49.6725,3,"basin",6.0081,40.123,"2016-18","NS"
2018,2,"WP",53.215,68.8928,24.6065,0.0765,90.8571,0.0815,20.7266,4,"basin",7.2253,35.6311,"2016-18","NS"
