Time,Number of Cells,Max Depth,Min Depth,Ave Depth,Temp (Bottom), Temp (Top), Salinity (Bottom), Salinity (Top),Oxygen (Bottom),Oxygen (top)
01/10/2016 00:00:08,8,2.1058,1.6260,1.8916, NaN, NaN, NaN, NaN, NaN, NaN
01/10/2016 02:00:04,8,2.1332,1.6533,1.9188, NaN, NaN, NaN, NaN, NaN, NaN
01/10/2016 04:00:07,8,2.1504,1.6705,1.9361, NaN, NaN, NaN, NaN, NaN, NaN
01/10/2016 06:00:02,8,2.1838,1.7037,1.9693, NaN, NaN, NaN, NaN, NaN, NaN
01/10/2016 08:00:03,8,2.2236,1.7437,2.0093, NaN, NaN, NaN, NaN, NaN, NaN
01/10/2016 10:00:00,8,2.2531,1.7734,2.0390, NaN, NaN, NaN, NaN, NaN, NaN
01/10/2016 12:00:05,8,2.2787,1.7990,2.0646, NaN, NaN, NaN, NaN, NaN, NaN
01/10/2016 14:00:02,8,2.2793,1.7998,2.0654, NaN, NaN, NaN, NaN, NaN, NaN
01/10/2016 16:00:02,8,2.2750,1.7954,2.0611, NaN, NaN, NaN, NaN, NaN, NaN
01/10/2016 18:00:00,8,2.2597,1.7803,2.0460, NaN, NaN, NaN, NaN, NaN, NaN
01/10/2016 20:00:07,8,2.2484,1.7689,2.0346, NaN, NaN, NaN, NaN, NaN, NaN
01/10/2016 22:00:07,8,2.2470,1.7674,2.0330, NaN, NaN, NaN, NaN, NaN, NaN
02/10/2016 00:00:06,8,2.2399,1.7604,2.0260, NaN, NaN, NaN, NaN, NaN, NaN
02/10/2016 02:00:07,8,2.2307,1.7513,2.0169, NaN, NaN, NaN, NaN, NaN, NaN
02/10/2016 04:00:00,8,2.2206,1.7411,2.0068, NaN, NaN, NaN, NaN, NaN, NaN
02/10/2016 06:00:01,8,2.2095,1.7301,1.9957, NaN, NaN, NaN, NaN, NaN, NaN
02/10/2016 08:00:03,8,2.1986,1.7192,1.9849, NaN, NaN, NaN, NaN, NaN, NaN
02/10/2016 10:00:05,8,2.1810,1.7016,1.9672, NaN, NaN, NaN, NaN, NaN, NaN
02/10/2016 12:00:06,8,2.1644,1.6851,1.9507, NaN, NaN, NaN, NaN, NaN, NaN
02/10/2016 14:00:04,8,2.1544,1.6750,1.9406, NaN, NaN, NaN, NaN, NaN, NaN
02/10/2016 16:00:04,8,2.1450,1.6656,1.9312, NaN, NaN, NaN, NaN, NaN, NaN
02/10/2016 18:00:01,8,2.1320,1.6526,1.9182, NaN, NaN, NaN, NaN, NaN, NaN
02/10/2016 20:00:08,8,2.1189,1.6395,1.9051, NaN, NaN, NaN, NaN, NaN, NaN
02/10/2016 22:00:02,8,2.1109,1.6315,1.8971, NaN, NaN, NaN, NaN, NaN, NaN
03/10/2016 00:00:06,8,2.1053,1.6259,1.8915, NaN, NaN, NaN, NaN, NaN, NaN
03/10/2016 02:00:01,8,2.1003,1.6208,1.8864, NaN, NaN, NaN, NaN, NaN, NaN
03/10/2016 04:00:01,8,2.0934,1.6140,1.8795, NaN, NaN, NaN, NaN, NaN, NaN
03/10/2016 06:00:01,8,2.0839,1.6045,1.8700, NaN, NaN, NaN, NaN, NaN, NaN
03/10/2016 08:00:03,8,2.0746,1.5952,1.8608, NaN, NaN, NaN, NaN, NaN, NaN
03/10/2016 10:00:00,8,2.0687,1.5892,1.8548, NaN, NaN, NaN, NaN, NaN, NaN
03/10/2016 12:00:01,8,2.0609,1.5815,1.8471, NaN, NaN, NaN, NaN, NaN, NaN
03/10/2016 14:00:09,8,2.0515,1.5721,1.8377, NaN, NaN, NaN, NaN, NaN, NaN
03/10/2016 16:00:04,8,2.0456,1.5662,1.8318, NaN, NaN, NaN, NaN, NaN, NaN
03/10/2016 18:00:06,8,2.0376,1.5583,1.8239, NaN, NaN, NaN, NaN, NaN, NaN
03/10/2016 20:00:06,8,2.0290,1.5497,1.8152, NaN, NaN, NaN, NaN, NaN, NaN
03/10/2016 22:00:03,8,2.0274,1.5479,1.8135, NaN, NaN, NaN, NaN, NaN, NaN
04/10/2016 00:00:08,8,2.0363,1.5568,1.8224, NaN, NaN, NaN, NaN, NaN, NaN
04/10/2016 02:00:02,8,2.0437,1.5642,1.8297, NaN, NaN, NaN, NaN, NaN, NaN
04/10/2016 04:00:04,8,2.0413,1.5619,1.8275, NaN, NaN, NaN, NaN, NaN, NaN
04/10/2016 06:00:08,8,2.0343,1.5549,1.8205, NaN, NaN, NaN, NaN, NaN, NaN
04/10/2016 08:00:01,8,2.0234,1.5440,1.8096, NaN, NaN, NaN, NaN, NaN, NaN
04/10/2016 10:00:05,8,2.0138,1.5344,1.8000, NaN, NaN, NaN, NaN, NaN, NaN
04/10/2016 12:00:07,8,2.0091,1.5297,1.7953, NaN, NaN, NaN, NaN, NaN, NaN
04/10/2016 14:00:00,8,2.0044,1.5251,1.7906, NaN, NaN, NaN, NaN, NaN, NaN
04/10/2016 16:00:06,8,1.9988,1.5194,1.7850, NaN, NaN, NaN, NaN, NaN, NaN
04/10/2016 18:00:03,8,1.9961,1.5167,1.7822, NaN, NaN, NaN, NaN, NaN, NaN
04/10/2016 20:00:01,8,1.9912,1.5118,1.7774, NaN, NaN, NaN, NaN, NaN, NaN
04/10/2016 22:00:08,8,2.0079,1.5283,1.7938, NaN, NaN, NaN, NaN, NaN, NaN
05/10/2016 00:00:06,8,2.0321,1.5525,1.8180, NaN, NaN, NaN, NaN, NaN, NaN
05/10/2016 02:00:03,8,2.0563,1.5767,1.8423, NaN, NaN, NaN, NaN, NaN, NaN
05/10/2016 04:00:07,8,2.0644,1.5850,1.8505, NaN, NaN, NaN, NaN, NaN, NaN
05/10/2016 06:00:06,8,2.0561,1.5768,1.8423, NaN, NaN, NaN, NaN, NaN, NaN
05/10/2016 08:00:02,8,2.0448,1.5654,1.8310, NaN, NaN, NaN, NaN, NaN, NaN
05/10/2016 10:00:03,8,2.0386,1.5592,1.8248, NaN, NaN, NaN, NaN, NaN, NaN
05/10/2016 12:00:00,8,2.0333,1.5539,1.8195, NaN, NaN, NaN, NaN, NaN, NaN
05/10/2016 14:00:06,8,2.0286,1.5492,1.8147, NaN, NaN, NaN, NaN, NaN, NaN
05/10/2016 16:00:03,8,2.0258,1.5463,1.8119, NaN, NaN, NaN, NaN, NaN, NaN
05/10/2016 18:00:06,8,2.0225,1.5431,1.8086, NaN, NaN, NaN, NaN, NaN, NaN
05/10/2016 20:00:06,8,2.0237,1.5442,1.8098, NaN, NaN, NaN, NaN, NaN, NaN
05/10/2016 22:00:05,8,2.0485,1.5687,1.8343, NaN, NaN, NaN, NaN, NaN, NaN
06/10/2016 00:00:09,8,2.0845,1.6047,1.8702, NaN, NaN, NaN, NaN, NaN, NaN
06/10/2016 02:00:07,8,2.1236,1.6438,1.9093, NaN, NaN, NaN, NaN, NaN, NaN
06/10/2016 04:00:09,8,2.1454,1.6659,1.9314, NaN, NaN, NaN, NaN, NaN, NaN
06/10/2016 06:00:06,8,2.1516,1.6720,1.9376, NaN, NaN, NaN, NaN, NaN, NaN
06/10/2016 08:00:04,8,2.1468,1.6673,1.9329, NaN, NaN, NaN, NaN, NaN, NaN
06/10/2016 10:00:05,8,2.1378,1.6584,1.9239, NaN, NaN, NaN, NaN, NaN, NaN
06/10/2016 12:00:07,8,2.1239,1.6445,1.9101, NaN, NaN, NaN, NaN, NaN, NaN
06/10/2016 14:00:09,8,2.1207,1.6413,1.9068, NaN, NaN, NaN, NaN, NaN, NaN
06/10/2016 16:00:09,8,2.1143,1.6349,1.9004, NaN, NaN, NaN, NaN, NaN, NaN
06/10/2016 18:00:07,8,2.1079,1.6285,1.8940, NaN, NaN, NaN, NaN, NaN, NaN
06/10/2016 20:00:05,8,2.1128,1.6333,1.8989, NaN, NaN, NaN, NaN, NaN, NaN
06/10/2016 22:00:03,8,2.1243,1.6447,1.9103, NaN, NaN, NaN, NaN, NaN, NaN
07/10/2016 00:00:08,8,2.1486,1.6690,1.9345, NaN, NaN, NaN, NaN, NaN, NaN
07/10/2016 02:00:03,8,2.1808,1.7011,1.9666, NaN, NaN, NaN, NaN, NaN, NaN
07/10/2016 04:00:07,8,2.2010,1.7215,1.9870, NaN, NaN, NaN, NaN, NaN, NaN
07/10/2016 06:00:09,8,2.1974,1.7180,1.9836, NaN, NaN, NaN, NaN, NaN, NaN
07/10/2016 08:00:08,8,2.1879,1.7085,1.9740, NaN, NaN, NaN, NaN, NaN, NaN
07/10/2016 10:00:05,8,2.1777,1.6983,1.9639, NaN, NaN, NaN, NaN, NaN, NaN
07/10/2016 12:00:00,8,2.1667,1.6873,1.9528, NaN, NaN, NaN, NaN, NaN, NaN
07/10/2016 14:00:02,8,2.1613,1.6818,1.9473, NaN, NaN, NaN, NaN, NaN, NaN
07/10/2016 16:00:04,8,2.1667,1.6872,1.9527, NaN, NaN, NaN, NaN, NaN, NaN
07/10/2016 18:00:00,8,2.1581,1.6787,1.9443, NaN, NaN, NaN, NaN, NaN, NaN
07/10/2016 20:00:06,8,2.1495,1.6700,1.9356, NaN, NaN, NaN, NaN, NaN, NaN
07/10/2016 22:00:02,8,2.1673,1.6876,1.9531, NaN, NaN, NaN, NaN, NaN, NaN
08/10/2016 00:00:07,8,2.2007,1.7210,1.9865, NaN, NaN, NaN, NaN, NaN, NaN
08/10/2016 02:00:04,8,2.2404,1.7607,2.0261, NaN, NaN, NaN, NaN, NaN, NaN
08/10/2016 04:00:00,8,2.2738,1.7941,2.0595, NaN, NaN, NaN, NaN, NaN, NaN
08/10/2016 06:00:03,8,2.3115,1.8315,2.0970, NaN, NaN, NaN, NaN, NaN, NaN
08/10/2016 08:00:04,8,2.3371,1.8575,2.1230, NaN, NaN, NaN, NaN, NaN, NaN
08/10/2016 10:00:03,8,2.3290,1.8495,2.1151, NaN, NaN, NaN, NaN, NaN, NaN
08/10/2016 12:00:04,8,2.3238,1.8443,2.1099, NaN, NaN, NaN, NaN, NaN, NaN
08/10/2016 14:00:07,8,2.3162,1.8367,2.1023, NaN, NaN, NaN, NaN, NaN, NaN
08/10/2016 16:00:01,8,2.3082,1.8287,2.0943, NaN, NaN, NaN, NaN, NaN, NaN
08/10/2016 18:00:09,8,2.3098,1.8302,2.0959, NaN, NaN, NaN, NaN, NaN, NaN
08/10/2016 20:00:02,8,2.3111,1.8316,2.0972, NaN, NaN, NaN, NaN, NaN, NaN
08/10/2016 22:00:06,8,2.3045,1.8251,2.0907, NaN, NaN, NaN, NaN, NaN, NaN
09/10/2016 00:00:02,8,2.3094,1.8299,2.0955, NaN, NaN, NaN, NaN, NaN, NaN
09/10/2016 02:00:08,8,2.3175,1.8380,2.1036, NaN, NaN, NaN, NaN, NaN, NaN
09/10/2016 04:00:01,8,2.3177,1.8384,2.1040, NaN, NaN, NaN, NaN, NaN, NaN
09/10/2016 06:00:06,8,2.3166,1.8371,2.1027, NaN, NaN, NaN, NaN, NaN, NaN
09/10/2016 08:00:01,8,2.3110,1.8316,2.0972, NaN, NaN, NaN, NaN, NaN, NaN
09/10/2016 10:00:02,8,2.2959,1.8166,2.0822, NaN, NaN, NaN, NaN, NaN, NaN
09/10/2016 12:00:05,8,2.2852,1.8058,2.0714, NaN, NaN, NaN, NaN, NaN, NaN
09/10/2016 14:00:01,8,2.2713,1.7919,2.0576, NaN, NaN, NaN, NaN, NaN, NaN
09/10/2016 16:00:04,8,2.2501,1.7708,2.0364, NaN, NaN, NaN, NaN, NaN, NaN
09/10/2016 18:00:09,8,2.2313,1.7520,2.0176, NaN, NaN, NaN, NaN, NaN, NaN
09/10/2016 20:00:03,8,2.2153,1.7360,2.0016, NaN, NaN, NaN, NaN, NaN, NaN
09/10/2016 22:00:01,8,2.1993,1.7200,1.9855, NaN, NaN, NaN, NaN, NaN, NaN
10/10/2016 00:00:09,8,2.1892,1.7099,1.9755, NaN, NaN, NaN, NaN, NaN, NaN
10/10/2016 02:00:00,8,2.1834,1.7040,1.9696, NaN, NaN, NaN, NaN, NaN, NaN
10/10/2016 04:00:08,8,2.1782,1.6988,1.9643, NaN, NaN, NaN, NaN, NaN, NaN
10/10/2016 06:00:05,8,2.1709,1.6916,1.9571, NaN, NaN, NaN, NaN, NaN, NaN
10/10/2016 08:00:02,8,2.1638,1.6844,1.9500, NaN, NaN, NaN, NaN, NaN, NaN
10/10/2016 10:00:02,8,2.1545,1.6752,1.9408, NaN, NaN, NaN, NaN, NaN, NaN
10/10/2016 12:00:01,8,2.1447,1.6654,1.9309, NaN, NaN, NaN, NaN, NaN, NaN
10/10/2016 14:00:04,8,2.1358,1.6565,1.9221, NaN, NaN, NaN, NaN, NaN, NaN
10/10/2016 16:00:04,8,2.1350,1.6555,1.9211, NaN, NaN, NaN, NaN, NaN, NaN
10/10/2016 18:00:04,8,2.1230,1.6437,1.9093, NaN, NaN, NaN, NaN, NaN, NaN
10/10/2016 20:00:04,8,2.1059,1.6266,1.8922, NaN, NaN, NaN, NaN, NaN, NaN
10/10/2016 22:00:07,8,2.0877,1.6084,1.8740, NaN, NaN, NaN, NaN, NaN, NaN
11/10/2016 00:00:01,8,2.0764,1.5971,1.8626, NaN, NaN, NaN, NaN, NaN, NaN
11/10/2016 02:00:03,8,2.0707,1.5913,1.8568, NaN, NaN, NaN, NaN, NaN, NaN
11/10/2016 04:00:04,8,2.0637,1.5843,1.8499, NaN, NaN, NaN, NaN, NaN, NaN
11/10/2016 06:00:06,8,2.0570,1.5776,1.8432, NaN, NaN, NaN, NaN, NaN, NaN
11/10/2016 08:00:00,8,2.0511,1.5717,1.8373, NaN, NaN, NaN, NaN, NaN, NaN
11/10/2016 10:00:08,8,2.0443,1.5649,1.8305, NaN, NaN, NaN, NaN, NaN, NaN
11/10/2016 12:00:03,8,2.0379,1.5585,1.8241, NaN, NaN, NaN, NaN, NaN, NaN
11/10/2016 14:00:08,8,2.0289,1.5495,1.8151, NaN, NaN, NaN, NaN, NaN, NaN
11/10/2016 16:00:07,8,2.0179,1.5386,1.8041, NaN, NaN, NaN, NaN, NaN, NaN
11/10/2016 18:00:05,8,2.0093,1.5299,1.7955, NaN, NaN, NaN, NaN, NaN, NaN
11/10/2016 20:00:02,8,2.0026,1.5232,1.7888, NaN, NaN, NaN, NaN, NaN, NaN
11/10/2016 22:00:00,8,1.9943,1.5149,1.7805, NaN, NaN, NaN, NaN, NaN, NaN
12/10/2016 00:00:00,8,1.9860,1.5066,1.7721, NaN, NaN, NaN, NaN, NaN, NaN
12/10/2016 02:00:02,8,1.9815,1.5022,1.7677, NaN, NaN, NaN, NaN, NaN, NaN
12/10/2016 04:00:04,8,1.9774,1.4980,1.7635,17.1155,17.0824,3.5760,3.5761,8.2800,8.2852
12/10/2016 06:00:00,8,1.9790,1.4995,1.7651,16.9104,16.8795,3.5760,3.5761,8.2827,8.2878
12/10/2016 08:00:08,8,1.9906,1.5111,1.7766, NaN, NaN, NaN, NaN, NaN, NaN
12/10/2016 10:00:09,8,1.9887,1.5093,1.7749, NaN, NaN, NaN, NaN, NaN, NaN
12/10/2016 12:00:00,8,1.9958,1.5163,1.7818, NaN, NaN, NaN, NaN, NaN, NaN
12/10/2016 14:00:07,8,1.9987,1.5193,1.7848, NaN, NaN, NaN, NaN, NaN, NaN
12/10/2016 16:00:01,8,1.9936,1.5142,1.7798, NaN, NaN, NaN, NaN, NaN, NaN
12/10/2016 18:00:07,8,1.9864,1.5070,1.7726, NaN, NaN, NaN, NaN, NaN, NaN
12/10/2016 20:00:07,8,1.9934,1.5138,1.7794, NaN, NaN, NaN, NaN, NaN, NaN
12/10/2016 22:00:01,8,2.0141,1.5345,1.8000, NaN, NaN, NaN, NaN, NaN, NaN
13/10/2016 00:00:05,8,2.0322,1.5527,1.8182, NaN, NaN, NaN, NaN, NaN, NaN
13/10/2016 02:00:00,8,2.0432,1.5637,1.8292, NaN, NaN, NaN, NaN, NaN, NaN
13/10/2016 04:00:04,8,2.0500,1.5705,1.8360, NaN, NaN, NaN, NaN, NaN, NaN
13/10/2016 06:00:07,8,2.0671,1.5876,1.8531, NaN, NaN, NaN, NaN, NaN, NaN
13/10/2016 08:00:08,8,2.0942,1.6145,1.8800, NaN, NaN, NaN, NaN, NaN, NaN
13/10/2016 10:00:04,8,2.1275,1.6479,1.9133, NaN, NaN, NaN, NaN, NaN, NaN
13/10/2016 12:00:07,8,2.1510,1.6715,1.9369, NaN, NaN, NaN, NaN, NaN, NaN
13/10/2016 14:00:02,8,2.1525,1.6730,1.9386, NaN, NaN, NaN, NaN, NaN, NaN
13/10/2016 16:00:00,8,2.1415,1.6621,1.9276, NaN, NaN, NaN, NaN, NaN, NaN
13/10/2016 18:00:01,8,2.1353,1.6558,1.9213, NaN, NaN, NaN, NaN, NaN, NaN
13/10/2016 20:00:08,8,2.1340,1.6545,1.9200, NaN, NaN, NaN, NaN, NaN, NaN
13/10/2016 22:00:07,8,2.1503,1.6707,1.9362, NaN, NaN, NaN, NaN, NaN, NaN
14/10/2016 00:00:08,8,2.1711,1.6914,1.9570, NaN, NaN, NaN, NaN, NaN, NaN
14/10/2016 02:00:04,8,2.1800,1.7003,1.9658, NaN, NaN, NaN, NaN, NaN, NaN
14/10/2016 04:00:04,8,2.1843,1.7046,1.9701, NaN, NaN, NaN, NaN, NaN, NaN
14/10/2016 06:00:09,8,2.1819,1.7023,1.9679, NaN, NaN, NaN, NaN, NaN, NaN
14/10/2016 08:00:05,8,2.1970,1.7173,1.9829, NaN, NaN, NaN, NaN, NaN, NaN
14/10/2016 10:00:07,8,2.2221,1.7423,2.0079, NaN, NaN, NaN, NaN, NaN, NaN
14/10/2016 12:00:03,8,2.2423,1.7626,2.0282, NaN, NaN, NaN, NaN, NaN, NaN
14/10/2016 14:00:07,8,2.2413,1.7618,2.0274, NaN, NaN, NaN, NaN, NaN, NaN
14/10/2016 16:00:08,8,2.2344,1.7549,2.0205, NaN, NaN, NaN, NaN, NaN, NaN
14/10/2016 18:00:09,8,2.2262,1.7467,2.0123, NaN, NaN, NaN, NaN, NaN, NaN
14/10/2016 20:00:04,8,2.2247,1.7450,2.0106, NaN, NaN, NaN, NaN, NaN, NaN
14/10/2016 22:00:03,8,2.2536,1.7738,2.0393, NaN, NaN, NaN, NaN, NaN, NaN
15/10/2016 00:00:01,8,2.2889,1.8091,2.0747, NaN, NaN, NaN, NaN, NaN, NaN
15/10/2016 02:00:00,8,2.3034,1.8238,2.0894, NaN, NaN, NaN, NaN, NaN, NaN
15/10/2016 04:00:06,8,2.2955,1.8160,2.0816, NaN, NaN, NaN, NaN, NaN, NaN
15/10/2016 06:00:01,8,2.2780,1.7985,2.0641, NaN, NaN, NaN, NaN, NaN, NaN
15/10/2016 08:00:08,8,2.2600,1.7806,2.0462, NaN, NaN, NaN, NaN, NaN, NaN
15/10/2016 10:00:01,8,2.2441,1.7648,2.0304, NaN, NaN, NaN, NaN, NaN, NaN
15/10/2016 12:00:05,8,2.2507,1.7710,2.0366, NaN, NaN, NaN, NaN, NaN, NaN
15/10/2016 14:00:00,8,2.2508,1.7713,2.0370, NaN, NaN, NaN, NaN, NaN, NaN
15/10/2016 16:00:05,8,2.2303,1.7510,2.0166, NaN, NaN, NaN, NaN, NaN, NaN
15/10/2016 18:00:07,8,2.2104,1.7310,1.9966, NaN, NaN, NaN, NaN, NaN, NaN
15/10/2016 20:00:08,8,2.1925,1.7132,1.9787, NaN, NaN, NaN, NaN, NaN, NaN
15/10/2016 22:00:08,8,2.1750,1.6957,1.9613, NaN, NaN, NaN, NaN, NaN, NaN
16/10/2016 00:00:08,8,2.1631,1.6837,1.9493, NaN, NaN, NaN, NaN, NaN, NaN
16/10/2016 02:00:08,8,2.1509,1.6715,1.9371, NaN, NaN, NaN, NaN, NaN, NaN
16/10/2016 04:00:01,8,2.1378,1.6584,1.9239, NaN, NaN, NaN, NaN, NaN, NaN
16/10/2016 06:00:07,8,2.1246,1.6452,1.9107, NaN, NaN, NaN, NaN, NaN, NaN
16/10/2016 08:00:09,8,2.1128,1.6334,1.8990, NaN, NaN, NaN, NaN, NaN, NaN
16/10/2016 10:00:09,8,2.1035,1.6241,1.8897, NaN, NaN, NaN, NaN, NaN, NaN
16/10/2016 12:00:04,8,2.0973,1.6179,1.8835, NaN, NaN, NaN, NaN, NaN, NaN
16/10/2016 14:00:02,8,2.0930,1.6135,1.8791, NaN, NaN, NaN, NaN, NaN, NaN
16/10/2016 16:00:07,8,2.0903,1.6108,1.8764, NaN, NaN, NaN, NaN, NaN, NaN
16/10/2016 18:00:03,8,2.0817,1.6023,1.8679, NaN, NaN, NaN, NaN, NaN, NaN
16/10/2016 20:00:06,8,2.0718,1.5923,1.8579, NaN, NaN, NaN, NaN, NaN, NaN
16/10/2016 22:00:07,8,2.0633,1.5839,1.8494, NaN, NaN, NaN, NaN, NaN, NaN
17/10/2016 00:00:04,8,2.0566,1.5771,1.8427, NaN, NaN, NaN, NaN, NaN, NaN
17/10/2016 02:00:00,8,2.0536,1.5742,1.8397, NaN, NaN, NaN, NaN, NaN, NaN
17/10/2016 04:00:01,8,2.0465,1.5670,1.8325, NaN, NaN, NaN, NaN, NaN, NaN
17/10/2016 06:00:05,8,2.0376,1.5581,1.8237, NaN, NaN, NaN, NaN, NaN, NaN
17/10/2016 08:00:04,8,2.0300,1.5505,1.8161, NaN, NaN, NaN, NaN, NaN, NaN
17/10/2016 10:00:03,8,2.0222,1.5428,1.8083, NaN, NaN, NaN, NaN, NaN, NaN
17/10/2016 12:00:02,8,2.0155,1.5360,1.8016, NaN, NaN, NaN, NaN, NaN, NaN
17/10/2016 14:00:00,8,2.0048,1.5253,1.7909, NaN, NaN, NaN, NaN, NaN, NaN
17/10/2016 16:00:05,8,1.9960,1.5165,1.7821, NaN, NaN, NaN, NaN, NaN, NaN
17/10/2016 18:00:05,8,1.9892,1.5097,1.7753, NaN, NaN, NaN, NaN, NaN, NaN
17/10/2016 20:00:06,8,1.9804,1.5010,1.7666, NaN, NaN, NaN, NaN, NaN, NaN
17/10/2016 22:00:02,8,1.9759,1.4964,1.7620,18.1781,18.1352,3.6148,3.6151,8.2346,8.2413
18/10/2016 00:00:00,8,1.9834,1.5039,1.7694, NaN, NaN, NaN, NaN, NaN, NaN
18/10/2016 02:00:02,8,1.9806,1.5011,1.7666, NaN, NaN, NaN, NaN, NaN, NaN
18/10/2016 04:00:03,8,1.9736,1.4941,1.7597,17.4262,17.3893,3.6207,3.6208,8.2698,8.2752
18/10/2016 06:00:05,8,1.9672,1.4877,1.7532,17.1704,17.1379,3.6225,3.6226,8.2545,8.2594
18/10/2016 08:00:04,8,1.9555,1.4760,1.7416,17.0728,17.0789,3.6243,3.6243,8.2289,8.2384
18/10/2016 10:00:08,8,1.9428,1.4634,1.7289,17.2362,17.7065,3.6261,3.6243,8.1973,8.2276
18/10/2016 12:00:00,8,1.9407,1.4610,1.7266,17.4224,18.4346,3.6262,3.6289,8.0731,8.2746
18/10/2016 14:00:01,8,1.9532,1.4735,1.7391,17.8319,18.6498,3.6258,3.6285,7.9082,8.2664
18/10/2016 16:00:06,8,1.9472,1.4677,1.7333,18.4418,18.8326,3.6286,3.6311,8.0061,8.2650
18/10/2016 18:00:05,8,1.9297,1.4503,1.7159,18.8749,18.8922,3.6330,3.6339,8.1882,8.2526
18/10/2016 20:00:06,8,1.9201,1.4406,1.7061,18.7374,18.6982,3.6359,3.6361,8.2165,8.2220
18/10/2016 22:00:07,8,1.9320,1.4524,1.7179,18.4703,18.4308,3.6373,3.6375,8.2043,8.2092
19/10/2016 00:00:02,8,1.9571,1.4774,1.7429,18.1808,18.1402,3.6380,3.6382,8.1912,8.1951
19/10/2016 02:00:05,8,1.9794,1.4997,1.7652,17.9028,17.8659,3.6384,3.6385,8.1734,8.1773
19/10/2016 04:00:03,8,1.9863,1.5068,1.7723, NaN, NaN, NaN, NaN, NaN, NaN
19/10/2016 06:00:08,8,1.9773,1.4978,1.7634,17.4289,17.3906,3.6415,3.6417,8.1582,8.1637
19/10/2016 08:00:06,8,1.9673,1.4878,1.7533,17.1973,17.2179,3.6442,3.6442,8.1459,8.1602
19/10/2016 10:00:06,8,1.9579,1.4784,1.7440,17.2472,17.8301,3.6459,3.6451,8.1110,8.1646
19/10/2016 12:00:07,8,1.9522,1.4727,1.7382,17.4907,18.5553,3.6466,3.6479,8.0397,8.2021
19/10/2016 14:00:06,8,1.9521,1.4725,1.7381,17.8372,18.9862,3.6470,3.6491,7.9256,8.2121
19/10/2016 16:00:00,8,1.9502,1.4706,1.7362,18.2153,19.1960,3.6479,3.6506,7.8138,8.2085
19/10/2016 18:00:04,8,1.9363,1.4569,1.7224,18.8507,19.1905,3.6506,3.6523,7.9594,8.1842
19/10/2016 20:00:00,8,1.9350,1.4555,1.7210,18.9926,19.0057,3.6526,3.6534,7.9949,8.1038
19/10/2016 22:00:00,8,1.9612,1.4814,1.7469,18.8400,18.8154,3.6531,3.6532,7.9806,7.9921
20/10/2016 00:00:02,8,1.9990,1.5192,1.7847, NaN, NaN, NaN, NaN, NaN, NaN
20/10/2016 02:00:09,8,2.0353,1.5555,1.8210, NaN, NaN, NaN, NaN, NaN, NaN
20/10/2016 04:00:06,8,2.0524,1.5728,1.8383, NaN, NaN, NaN, NaN, NaN, NaN
20/10/2016 06:00:07,8,2.0450,1.5655,1.8311, NaN, NaN, NaN, NaN, NaN, NaN
20/10/2016 08:00:01,8,2.0366,1.5572,1.8227, NaN, NaN, NaN, NaN, NaN, NaN
20/10/2016 10:00:07,8,2.0236,1.5442,1.8098, NaN, NaN, NaN, NaN, NaN, NaN
20/10/2016 12:00:03,8,2.0099,1.5305,1.7960, NaN, NaN, NaN, NaN, NaN, NaN
20/10/2016 14:00:02,8,1.9993,1.5199,1.7854, NaN, NaN, NaN, NaN, NaN, NaN
20/10/2016 16:00:07,8,1.9939,1.5144,1.7799, NaN, NaN, NaN, NaN, NaN, NaN
20/10/2016 18:00:02,8,1.9881,1.5086,1.7741, NaN, NaN, NaN, NaN, NaN, NaN
20/10/2016 20:00:07,8,1.9793,1.4998,1.7654,18.4713,18.4311,3.6680,3.6682,7.9792,7.9837
20/10/2016 22:00:01,8,1.9723,1.4928,1.7583,18.3096,18.2722,3.6707,3.6709,7.9860,7.9926
21/10/2016 00:00:08,8,1.9706,1.4912,1.7567,18.1293,18.0909,3.6729,3.6731,8.0002,8.0070
21/10/2016 02:00:08,8,1.9749,1.4953,1.7608,17.9065,17.8672,3.6750,3.6751,8.0034,8.0079
21/10/2016 04:00:04,8,1.9713,1.4918,1.7573,17.6778,17.6374,3.6784,3.6785,8.0044,8.0096
21/10/2016 06:00:06,8,1.9661,1.4866,1.7521,17.4430,17.4028,3.6834,3.6824,7.9921,8.0003
21/10/2016 08:00:04,8,1.9572,1.4777,1.7432,17.2717,17.2522,3.6874,3.6861,7.9721,7.9849
21/10/2016 10:00:08,8,1.9413,1.4618,1.7273,17.3459,17.4118,3.6884,3.6902,7.9724,7.9936
21/10/2016 12:00:04,8,1.9338,1.4542,1.7197,17.5979,18.5633,3.7011,3.7055,7.8593,8.0086
21/10/2016 14:00:09,8,1.9288,1.4492,1.7148,17.7970,19.7503,3.7633,3.6917,7.5849,8.0055
21/10/2016 16:00:00,8,1.9268,1.4472,1.7128,17.9940,19.7825,3.7787,3.6931,7.4198,8.0424
21/10/2016 18:00:04,8,1.9207,1.4412,1.7068,18.1546,19.0481,3.7818,3.6992,7.2770,7.9568
21/10/2016 20:00:06,8,1.9102,1.4308,1.6963,18.3030,18.5344,3.7849,3.7048,7.2519,7.8387
21/10/2016 22:00:04,8,1.9124,1.4327,1.6982,18.3891,18.3195,3.7648,3.7174,7.4870,7.7408
22/10/2016 00:00:08,8,1.9264,1.4468,1.7122,18.1813,18.1342,3.7413,3.7373,7.6334,7.6602
22/10/2016 02:00:00,8,1.9430,1.4634,1.7288,17.9337,17.8896,3.7664,3.7638,7.5936,7.6081
22/10/2016 04:00:09,8,1.9567,1.4771,1.7425,17.8122,17.7110,3.8241,3.7952,7.5173,7.5787
22/10/2016 06:00:06,8,1.9542,1.4747,1.7401,17.9654,17.5341,4.0492,3.7890,7.1424,7.6047
22/10/2016 08:00:00,8,1.9455,1.4661,1.7315,17.8170,17.3733,4.0416,3.7769,7.1146,7.6262
22/10/2016 10:00:02,8,1.9360,1.4565,1.7219,17.6951,17.3913,4.0174,3.7604,7.1637,7.7190
22/10/2016 12:00:06,8,1.9378,1.4582,1.7237,17.8194,17.5658,4.1928,3.7354,6.8433,7.8342
22/10/2016 14:00:01,8,1.9365,1.4570,1.7225,17.7686,18.0217,4.1507,3.7446,6.8212,7.7827
22/10/2016 16:00:04,8,1.9276,1.4481,1.7137,17.8076,18.6682,4.1154,3.7414,6.8479,7.8486
22/10/2016 18:00:03,8,1.9201,1.4406,1.7061,17.8847,18.5183,4.1379,3.7382,6.7874,7.8516
22/10/2016 20:00:03,8,1.9181,1.4386,1.7041,17.9433,18.3401,4.2596,3.7546,6.5824,7.8070
22/10/2016 22:00:00,8,1.9347,1.4549,1.7204,18.0423,18.0553,4.6406,3.8304,6.1216,7.6483
23/10/2016 00:00:04,8,1.9609,1.4811,1.7465,18.3543,17.7006,5.4900,4.0240,5.9701,7.4012
23/10/2016 02:00:00,8,1.9928,1.5129,1.7784, NaN, NaN, NaN, NaN, NaN, NaN
23/10/2016 04:00:05,8,2.0226,1.5427,1.8082, NaN, NaN, NaN, NaN, NaN, NaN
23/10/2016 06:00:09,8,2.0437,1.5639,1.8294, NaN, NaN, NaN, NaN, NaN, NaN
23/10/2016 08:00:05,8,2.0548,1.5752,1.8407, NaN, NaN, NaN, NaN, NaN, NaN
23/10/2016 10:00:02,8,2.0534,1.5738,1.8394, NaN, NaN, NaN, NaN, NaN, NaN
23/10/2016 12:00:07,8,2.0475,1.5679,1.8335, NaN, NaN, NaN, NaN, NaN, NaN
23/10/2016 14:00:07,8,2.0424,1.5628,1.8283, NaN, NaN, NaN, NaN, NaN, NaN
23/10/2016 16:00:06,8,2.0371,1.5575,1.8231, NaN, NaN, NaN, NaN, NaN, NaN
23/10/2016 18:00:01,8,2.0317,1.5521,1.8177, NaN, NaN, NaN, NaN, NaN, NaN
23/10/2016 20:00:01,8,2.0330,1.5533,1.8188, NaN, NaN, NaN, NaN, NaN, NaN
23/10/2016 22:00:04,8,2.0446,1.5649,1.8304, NaN, NaN, NaN, NaN, NaN, NaN
24/10/2016 00:00:01,8,2.0620,1.5823,1.8478, NaN, NaN, NaN, NaN, NaN, NaN
24/10/2016 02:00:02,8,2.0846,1.6048,1.8703, NaN, NaN, NaN, NaN, NaN, NaN
24/10/2016 04:00:05,8,2.1005,1.6208,1.8863, NaN, NaN, NaN, NaN, NaN, NaN
24/10/2016 06:00:01,8,2.1099,1.6303,1.8958, NaN, NaN, NaN, NaN, NaN, NaN
24/10/2016 08:00:09,8,2.1137,1.6340,1.8995, NaN, NaN, NaN, NaN, NaN, NaN
24/10/2016 10:00:09,8,2.1101,1.6304,1.8960, NaN, NaN, NaN, NaN, NaN, NaN
24/10/2016 12:00:00,8,2.1061,1.6265,1.8921, NaN, NaN, NaN, NaN, NaN, NaN
24/10/2016 14:00:06,8,2.1037,1.6241,1.8897, NaN, NaN, NaN, NaN, NaN, NaN
24/10/2016 16:00:04,8,2.1070,1.6273,1.8930, NaN, NaN, NaN, NaN, NaN, NaN
24/10/2016 18:00:02,8,2.0995,1.6199,1.8856, NaN, NaN, NaN, NaN, NaN, NaN
24/10/2016 20:00:04,8,2.0864,1.6069,1.8725, NaN, NaN, NaN, NaN, NaN, NaN
24/10/2016 22:00:05,8,2.0859,1.6063,1.8719, NaN, NaN, NaN, NaN, NaN, NaN
25/10/2016 00:00:08,8,2.0983,1.6186,1.8842, NaN, NaN, NaN, NaN, NaN, NaN
25/10/2016 02:00:02,8,2.1094,1.6296,1.8952, NaN, NaN, NaN, NaN, NaN, NaN
25/10/2016 04:00:05,8,2.1125,1.6329,1.8984, NaN, NaN, NaN, NaN, NaN, NaN
25/10/2016 06:00:00,8,2.1141,1.6344,1.9000, NaN, NaN, NaN, NaN, NaN, NaN
25/10/2016 08:00:07,8,2.1143,1.6347,1.9002, NaN, NaN, NaN, NaN, NaN, NaN
25/10/2016 10:00:06,8,2.1128,1.6332,1.8987, NaN, NaN, NaN, NaN, NaN, NaN
25/10/2016 12:00:05,8,2.1082,1.6285,1.8941, NaN, NaN, NaN, NaN, NaN, NaN
25/10/2016 14:00:06,8,2.1016,1.6219,1.8875, NaN, NaN, NaN, NaN, NaN, NaN
25/10/2016 16:00:09,8,2.0945,1.6149,1.8804, NaN, NaN, NaN, NaN, NaN, NaN
25/10/2016 18:00:01,8,2.0895,1.6099,1.8755, NaN, NaN, NaN, NaN, NaN, NaN
25/10/2016 20:00:09,8,2.0877,1.6081,1.8737, NaN, NaN, NaN, NaN, NaN, NaN
25/10/2016 22:00:07,8,2.0828,1.6031,1.8687, NaN, NaN, NaN, NaN, NaN, NaN
26/10/2016 00:00:08,8,2.0796,1.6000,1.8655, NaN, NaN, NaN, NaN, NaN, NaN
26/10/2016 02:00:04,8,2.0798,1.6001,1.8657, NaN, NaN, NaN, NaN, NaN, NaN
26/10/2016 04:00:04,8,2.0756,1.5960,1.8615, NaN, NaN, NaN, NaN, NaN, NaN
26/10/2016 06:00:00,8,2.0715,1.5919,1.8575, NaN, NaN, NaN, NaN, NaN, NaN
26/10/2016 08:00:02,8,2.0691,1.5895,1.8550, NaN, NaN, NaN, NaN, NaN, NaN
26/10/2016 10:00:00,8,2.0703,1.5906,1.8561, NaN, NaN, NaN, NaN, NaN, NaN
26/10/2016 12:00:03,8,2.0694,1.5897,1.8553, NaN, NaN, NaN, NaN, NaN, NaN
26/10/2016 14:00:00,8,2.0675,1.5878,1.8534, NaN, NaN, NaN, NaN, NaN, NaN
26/10/2016 16:00:01,8,2.0688,1.5891,1.8547, NaN, NaN, NaN, NaN, NaN, NaN
26/10/2016 18:00:05,8,2.0654,1.5859,1.8515, NaN, NaN, NaN, NaN, NaN, NaN
26/10/2016 20:00:02,8,2.0615,1.5820,1.8476, NaN, NaN, NaN, NaN, NaN, NaN
26/10/2016 22:00:02,8,2.0663,1.5866,1.8522, NaN, NaN, NaN, NaN, NaN, NaN
27/10/2016 00:00:02,8,2.0775,1.5977,1.8633, NaN, NaN, NaN, NaN, NaN, NaN
27/10/2016 02:00:00,8,2.0784,1.5987,1.8643, NaN, NaN, NaN, NaN, NaN, NaN
27/10/2016 04:00:08,8,2.0729,1.5932,1.8588, NaN, NaN, NaN, NaN, NaN, NaN
27/10/2016 06:00:05,8,2.0699,1.5902,1.8558, NaN, NaN, NaN, NaN, NaN, NaN
27/10/2016 08:00:00,8,2.0678,1.5882,1.8538, NaN, NaN, NaN, NaN, NaN, NaN
27/10/2016 10:00:03,8,2.0671,1.5875,1.8530, NaN, NaN, NaN, NaN, NaN, NaN
27/10/2016 12:00:06,8,2.0659,1.5863,1.8519, NaN, NaN, NaN, NaN, NaN, NaN
27/10/2016 14:00:03,8,2.0645,1.5849,1.8505, NaN, NaN, NaN, NaN, NaN, NaN
27/10/2016 16:00:01,8,2.0562,1.5766,1.8422, NaN, NaN, NaN, NaN, NaN, NaN
27/10/2016 18:00:08,8,2.0510,1.5714,1.8370, NaN, NaN, NaN, NaN, NaN, NaN
27/10/2016 20:00:02,8,2.0478,1.5682,1.8338, NaN, NaN, NaN, NaN, NaN, NaN
27/10/2016 22:00:03,8,2.0577,1.5780,1.8436, NaN, NaN, NaN, NaN, NaN, NaN
28/10/2016 00:00:04,8,2.0628,1.5831,1.8487, NaN, NaN, NaN, NaN, NaN, NaN
28/10/2016 02:00:06,8,2.0607,1.5811,1.8466, NaN, NaN, NaN, NaN, NaN, NaN
28/10/2016 04:00:00,8,2.0542,1.5745,1.8401, NaN, NaN, NaN, NaN, NaN, NaN
28/10/2016 06:00:04,8,2.0451,1.5655,1.8311, NaN, NaN, NaN, NaN, NaN, NaN
28/10/2016 08:00:00,8,2.0399,1.5603,1.8259, NaN, NaN, NaN, NaN, NaN, NaN
28/10/2016 10:00:05,8,2.0471,1.5673,1.8329, NaN, NaN, NaN, NaN, NaN, NaN
28/10/2016 12:00:02,8,2.0482,1.5686,1.8342, NaN, NaN, NaN, NaN, NaN, NaN
28/10/2016 14:00:01,8,2.0508,1.5712,1.8368, NaN, NaN, NaN, NaN, NaN, NaN
28/10/2016 16:00:00,8,2.0471,1.5675,1.8331, NaN, NaN, NaN, NaN, NaN, NaN
28/10/2016 18:00:01,8,2.0401,1.5605,1.8261, NaN, NaN, NaN, NaN, NaN, NaN
28/10/2016 20:00:04,8,2.0480,1.5683,1.8339, NaN, NaN, NaN, NaN, NaN, NaN
28/10/2016 22:00:08,8,2.0759,1.5960,1.8615, NaN, NaN, NaN, NaN, NaN, NaN
29/10/2016 00:00:02,8,2.1040,1.6239,1.8895, NaN, NaN, NaN, NaN, NaN, NaN
29/10/2016 02:00:04,8,2.1121,1.6323,1.8979, NaN, NaN, NaN, NaN, NaN, NaN
29/10/2016 04:00:04,8,2.1053,1.6257,1.8913, NaN, NaN, NaN, NaN, NaN, NaN
29/10/2016 06:00:08,8,2.1026,1.6227,1.8884, NaN, NaN, NaN, NaN, NaN, NaN
29/10/2016 08:00:00,8,2.1043,1.6244,1.8901, NaN, NaN, NaN, NaN, NaN, NaN
29/10/2016 10:00:06,8,2.1183,1.6384,1.9040, NaN, NaN, NaN, NaN, NaN, NaN
29/10/2016 12:00:09,8,2.1254,1.6457,1.9114, NaN, NaN, NaN, NaN, NaN, NaN
29/10/2016 14:00:05,8,2.1221,1.6424,1.9081, NaN, NaN, NaN, NaN, NaN, NaN
29/10/2016 16:00:01,8,2.1142,1.6345,1.9002, NaN, NaN, NaN, NaN, NaN, NaN
29/10/2016 18:00:03,8,2.1120,1.6323,1.8980, NaN, NaN, NaN, NaN, NaN, NaN
29/10/2016 20:00:06,8,2.1144,1.6347,1.9003, NaN, NaN, NaN, NaN, NaN, NaN
29/10/2016 22:00:06,8,2.1160,1.6364,1.9019, NaN, NaN, NaN, NaN, NaN, NaN
30/10/2016 00:00:08,8,2.1198,1.6402,1.9057, NaN, NaN, NaN, NaN, NaN, NaN
30/10/2016 02:00:06,8,2.1149,1.6352,1.9008, NaN, NaN, NaN, NaN, NaN, NaN
30/10/2016 04:00:09,8,2.1062,1.6265,1.8921, NaN, NaN, NaN, NaN, NaN, NaN
30/10/2016 06:00:05,8,2.0959,1.6162,1.8818, NaN, NaN, NaN, NaN, NaN, NaN
30/10/2016 08:00:08,8,2.0853,1.6056,1.8713, NaN, NaN, NaN, NaN, NaN, NaN
30/10/2016 10:00:07,8,2.0767,1.5971,1.8627, NaN, NaN, NaN, NaN, NaN, NaN
30/10/2016 12:00:03,8,2.0701,1.5905,1.8561, NaN, NaN, NaN, NaN, NaN, NaN
30/10/2016 14:00:07,8,2.0623,1.5827,1.8483, NaN, NaN, NaN, NaN, NaN, NaN
30/10/2016 16:00:05,8,2.0665,1.5868,1.8524, NaN, NaN, NaN, NaN, NaN, NaN
30/10/2016 18:00:05,8,2.0666,1.5870,1.8526, NaN, NaN, NaN, NaN, NaN, NaN
30/10/2016 20:00:00,8,2.0595,1.5800,1.8456, NaN, NaN, NaN, NaN, NaN, NaN
30/10/2016 22:00:00,8,2.0616,1.5821,1.8477, NaN, NaN, NaN, NaN, NaN, NaN
31/10/2016 00:00:06,8,2.0699,1.5903,1.8558, NaN, NaN, NaN, NaN, NaN, NaN
31/10/2016 02:00:09,8,2.0662,1.5866,1.8521, NaN, NaN, NaN, NaN, NaN, NaN
31/10/2016 04:00:05,8,2.0587,1.5791,1.8447, NaN, NaN, NaN, NaN, NaN, NaN
31/10/2016 06:00:00,8,2.0474,1.5678,1.8334, NaN, NaN, NaN, NaN, NaN, NaN
31/10/2016 08:00:04,8,2.0359,1.5563,1.8219, NaN, NaN, NaN, NaN, NaN, NaN
31/10/2016 10:00:04,8,2.0269,1.5472,1.8128, NaN, NaN, NaN, NaN, NaN, NaN
31/10/2016 12:00:06,8,2.0233,1.5436,1.8092, NaN, NaN, NaN, NaN, NaN, NaN
31/10/2016 14:00:04,8,2.0202,1.5406,1.8062, NaN, NaN, NaN, NaN, NaN, NaN
31/10/2016 16:00:01,8,2.0244,1.5448,1.8104, NaN, NaN, NaN, NaN, NaN, NaN
31/10/2016 18:00:07,8,2.0162,1.5367,1.8023, NaN, NaN, NaN, NaN, NaN, NaN
31/10/2016 20:00:01,8,2.0022,1.5227,1.7883, NaN, NaN, NaN, NaN, NaN, NaN
31/10/2016 22:00:08,8,2.0073,1.5277,1.7933, NaN, NaN, NaN, NaN, NaN, NaN
