Cell,Age,Oxy,Sal,Hypoxia,Period
19337,79.3596,5.9691,35.3876,8.9286,2016-18
19338,79.4703,6.0863,35.3928,7.1429,2016-18
19339,79.4165,5.8753,35.3960,7.1429,2016-18
19646,79.4532,5.8557,35.3716,8.9286,2016-18
19647,79.5453,5.9113,35.3762,7.1429,2016-18
19648,79.4380,5.7162,35.3835,7.1429,2016-18
19922,79.7345,5.7471,35.3462,8.9286,2016-18
21708,80.6836,6.4432,35.3461,7.1429,2016-18
21709,80.6585,6.0379,35.3681,3.5714,2016-18
21710,80.6072,5.8044,35.3768,1.7857,2016-18
21711,80.4776,5.6520,35.3870,5.3571,2016-18
21714,80.5817,5.1363,35.0791,42.8571,2016-18
21726,80.6815,6.3614,35.3434,5.3571,2016-18
21727,80.6544,6.0471,35.3581,3.5714,2016-18
21728,80.6266,5.8405,35.3564,1.7857,2016-18
21729,80.4851,5.6685,35.3771,5.3571,2016-18
21732,80.5770,4.8762,35.0812,41.0714,2016-18
21744,80.6772,6.2632,35.3402,5.3571,2016-18
21745,80.6635,6.0412,35.3412,3.5714,2016-18
21746,80.6306,5.8645,35.3376,1.7857,2016-18
21747,80.4849,5.6806,35.3670,5.3571,2016-18
21750,80.5725,4.6202,35.0827,48.2143,2016-18
21759,80.6758,6.1755,35.3341,3.5714,2016-18
21760,80.6672,6.0412,35.3194,3.5714,2016-18
21761,80.6181,5.8774,35.3224,1.7857,2016-18
21762,80.4790,5.6879,35.3585,3.5714,2016-18
21765,80.5602,4.3469,35.0831,46.4286,2016-18
21774,80.6763,6.1348,35.3257,1.7857,2016-18
21775,80.6635,6.0477,35.3027,3.5714,2016-18
21776,80.5979,5.8852,35.3121,1.7857,2016-18
21777,80.4694,5.6932,35.3516,3.5714,2016-18
21780,80.5379,4.1327,35.0817,48.2143,2016-18
21789,80.6689,6.1154,35.3188,1.7857,2016-18
21790,80.6486,6.0384,35.2972,1.7857,2016-18
21791,80.5779,5.8915,35.3048,1.7857,2016-18
21792,80.4629,5.7038,35.3444,3.5714,2016-18
21795,80.4996,3.9692,35.0808,35.7143,2016-18
21804,80.6579,6.0995,35.3147,1.7857,2016-18
21805,80.6352,6.0271,35.2992,1.7857,2016-18
21806,80.5658,5.8923,35.3012,1.7857,2016-18
21807,80.4626,5.7181,35.3361,3.5714,2016-18
21810,80.4596,4.2607,35.1232,28.5714,2016-18
21811,80.4261,5.5339,35.2738,5.3571,2016-18
21812,80.3661,4.6085,35.1761,19.6429,2016-18
21821,80.6440,6.0798,35.3119,1.7857,2016-18
21822,80.6240,6.0184,35.3006,1.7857,2016-18
21823,80.5636,5.8924,35.3012,1.7857,2016-18
21824,80.4708,5.7404,35.3281,3.5714,2016-18
21827,80.4264,4.8411,35.1934,14.2857,2016-18
21828,80.4521,5.6641,35.2810,3.5714,2016-18
21829,80.3550,5.0040,35.2216,10.7143,2016-18
21830,80.4565,5.7285,35.3084,3.5714,2016-18
21831,80.5005,5.8211,35.2996,1.7857,2016-18
21832,80.2807,4.7589,35.2032,16.0714,2016-18
21833,80.2815,5.0319,35.2339,10.7143,2016-18
21842,80.6191,6.0424,35.3076,1.7857,2016-18
21843,80.6023,5.9923,35.3003,1.7857,2016-18
21844,80.5512,5.8863,35.3011,1.7857,2016-18
21845,80.4729,5.7530,35.3217,3.5714,2016-18
21848,80.4091,5.3876,35.2590,8.9286,2016-18
21849,80.4671,5.7808,35.2896,1.7857,2016-18
21850,80.3462,5.3318,35.2614,8.9286,2016-18
21851,80.5316,5.8932,35.2982,1.7857,2016-18
21852,80.2785,5.2595,35.2614,8.9286,2016-18
21853,80.4681,5.7530,35.3167,3.5714,2016-18
21854,80.5294,5.8620,35.3011,1.7857,2016-18
21855,80.5704,5.9494,35.2992,1.7857,2016-18
21856,80.1990,4.8078,35.2177,14.2857,2016-18
21857,80.2057,5.0034,35.2396,10.7143,2016-18
21858,80.2068,5.1736,35.2602,8.9286,2016-18
21867,80.5816,5.9966,35.3030,1.7857,2016-18
21868,80.4888,5.9495,35.2888,1.7857,2016-18
21869,117.9357,5.6303,33.1793,8.9286,2016-18
21870,121.8612,5.6118,32.9519,8.9286,2016-18
21871,80.4075,5.6740,35.2871,5.3571,2016-18
21872,80.4704,5.8456,35.2941,3.5714,2016-18
21873,80.3447,5.5450,35.2819,5.3571,2016-18
21874,80.5351,5.9382,35.2994,1.7857,2016-18
21875,80.2775,5.4232,35.2770,7.1429,2016-18
21876,80.2067,5.3087,35.2728,8.9286,2016-18
21877,80.1203,4.8023,35.2257,14.2857,2016-18
21878,80.1301,4.9502,35.2425,12.5000,2016-18
21879,80.1337,5.0979,35.2591,10.7143,2016-18
21880,80.1348,5.2167,35.2699,10.7143,2016-18
21889,80.5031,5.9382,35.2975,1.7857,2016-18
21890,80.4307,5.9202,35.2928,1.7857,2016-18
21891,80.4837,5.9327,35.2966,1.7857,2016-18
21892,120.8893,5.6275,33.0084,8.9286,2016-18
21893,124.7164,5.6018,32.7851,8.9286,2016-18
21894,80.0500,4.7613,35.2307,14.2857,2016-18
21895,80.0611,4.8892,35.2431,14.2857,2016-18
21896,80.0663,5.0306,35.2578,10.7143,2016-18
21897,80.0686,5.1441,35.2673,10.7143,2016-18
21906,80.4507,5.9279,35.2955,1.7857,2016-18
21907,80.3860,5.9068,35.2934,1.7857,2016-18
21908,125.3428,5.6050,32.7446,8.9286,2016-18
21909,128.8168,5.5701,32.5403,8.9286,2016-18
21910,79.9890,4.7541,35.2333,14.2857,2016-18
21911,79.9993,4.8558,35.2431,14.2857,2016-18
21912,80.0049,4.9780,35.2554,12.5000,2016-18
21913,80.0073,5.0780,35.2641,12.5000,2016-18
21922,80.3897,5.9122,35.2941,1.7857,2016-18
21923,80.3033,5.8889,35.2930,1.7857,2016-18
21924,130.5454,5.5706,32.4329,8.9286,2016-18
21925,133.1809,5.5375,32.2778,8.9286,2016-18
21926,79.9300,4.7409,35.2282,14.2857,2016-18
21927,79.9389,4.8227,35.2365,14.2857,2016-18
21928,79.9441,4.9316,35.2504,12.5000,2016-18
21929,79.9458,5.0259,35.2599,12.5000,2016-18
21936,80.3143,5.8962,35.2931,1.7857,2016-18
21937,80.2093,5.8766,35.2928,1.7857,2016-18
21940,79.8662,4.7074,35.1819,19.6429,2016-18
21941,79.8750,4.7785,35.2012,17.8571,2016-18
21942,79.8784,4.8826,35.2280,17.8571,2016-18
21943,79.8773,4.9801,35.2474,14.2857,2016-18
21950,80.2230,5.8847,35.2925,3.5714,2016-18
21951,80.1073,5.8747,35.2926,3.5714,2016-18
21954,79.7935,4.5986,34.6007,28.5714,2016-18
21955,79.8250,4.6714,34.9280,25.0000,2016-18
21956,79.7925,4.6615,34.1349,42.8571,2016-18
21957,79.8336,4.7963,35.1010,17.8571,2016-18
21958,79.8287,4.9191,35.1999,17.8571,2016-18
21965,80.1278,5.8826,35.2922,3.5714,2016-18
21966,80.0186,5.8971,35.2922,3.5714,2016-18
21968,80.1258,4.4545,34.5482,33.9286,2016-18
21969,79.8861,4.5626,34.8221,28.5714,2016-18
21970,80.5473,4.6385,34.4205,46.4286,2016-18
21971,79.8179,4.7395,35.0199,19.6429,2016-18
21972,79.8330,4.8432,34.0934,46.4286,2016-18
21973,80.5587,4.9616,34.3935,46.4286,2016-18
21974,79.8187,5.0159,34.0610,48.2143,2016-18
21975,79.7811,4.8864,35.1563,17.8571,2016-18
21982,80.0349,5.8901,35.2917,3.5714,2016-18
21983,79.9434,5.9130,35.2914,3.5714,2016-18
21985,80.0780,4.3027,34.6243,35.7143,2016-18
21986,79.8695,4.5083,34.8220,26.7857,2016-18
21987,79.7789,4.7151,34.9799,21.4286,2016-18
21988,79.7412,4.8756,35.1415,17.8571,2016-18
21997,84.5581,4.4625,34.1626,50.0000,2016-18
21998,79.9382,5.9092,35.2907,3.5714,2016-18
21999,79.8759,5.9402,35.2902,3.5714,2016-18
22001,80.0436,4.1852,34.6706,33.9286,2016-18
22002,79.8574,4.4473,34.8201,26.7857,2016-18
22003,79.7473,4.6850,34.9526,21.4286,2016-18
22004,79.7049,4.8614,35.1193,17.8571,2016-18
22012,83.4710,4.3939,34.1791,51.7857,2016-18
22013,79.8502,5.9362,35.2891,3.5714,2016-18
22014,79.8190,5.9733,35.2882,3.5714,2016-18
22016,80.0149,4.0871,34.7052,33.9286,2016-18
22017,79.8418,4.3853,34.8285,28.5714,2016-18
22018,79.7280,4.6493,34.9476,23.2143,2016-18
22019,79.6698,4.8551,35.1006,17.8571,2016-18
22027,82.5638,4.3914,34.1898,51.7857,2016-18
22028,79.7762,5.9632,35.2870,3.5714,2016-18
22029,79.7612,5.9977,35.2860,3.5714,2016-18
22031,80.0145,3.9777,34.7238,33.9286,2016-18
22032,79.8349,4.3055,34.8259,30.3571,2016-18
22033,79.7112,4.6036,34.9386,25.0000,2016-18
22034,79.6367,4.8378,35.0716,19.6429,2016-18
22042,81.8119,4.4371,34.1950,55.3571,2016-18
22043,79.7132,5.9861,35.2847,1.7857,2016-18
22044,79.6978,6.0169,35.2834,1.7857,2016-18
22046,80.3130,3.8392,34.6861,35.7143,2016-18
22047,79.9066,4.1742,34.7543,32.1429,2016-18
22048,81.2173,3.7707,34.5928,44.6429,2016-18
22049,79.7236,4.4819,34.8796,28.5714,2016-18
22050,79.6169,4.7704,35.0175,21.4286,2016-18
22056,81.3459,4.5227,34.1935,55.3571,2016-18
22057,79.6606,6.0072,35.2822,1.7857,2016-18
22058,79.6429,6.0350,35.2806,1.7857,2016-18
22060,80.3516,3.7056,34.6417,35.7143,2016-18
22061,79.9014,4.0896,34.6944,30.3571,2016-18
22062,80.8145,3.6380,34.4384,44.6429,2016-18
22063,79.6753,4.4126,34.7988,28.5714,2016-18
22064,81.2472,4.2681,34.5924,41.0714,2016-18
22065,80.7476,4.1608,34.3793,42.8571,2016-18
22066,79.5468,4.7352,34.9505,23.2143,2016-18
22070,81.2970,4.6236,34.1904,55.3571,2016-18
22071,79.6208,6.0250,35.2798,1.7857,2016-18
22072,79.6000,6.0497,35.2781,1.7857,2016-18
22074,80.2556,3.6756,34.6384,35.7143,2016-18
22075,79.8701,4.0423,34.6520,30.3571,2016-18
22076,79.6241,4.3837,34.7492,28.5714,2016-18
22077,79.5060,4.7236,34.9143,23.2143,2016-18
22078,81.2625,4.6363,34.5973,41.0714,2016-18
22079,80.7414,4.5784,34.3773,41.0714,2016-18
22083,81.0208,4.7035,34.1862,55.3571,2016-18
22084,79.5911,6.0402,35.2778,3.5714,2016-18
22085,79.5695,6.0607,35.2762,3.5714,2016-18
22087,80.1983,3.6259,34.6185,32.1429,2016-18
22088,79.8351,3.9867,34.6003,28.5714,2016-18
22089,79.5525,4.3531,34.6799,26.7857,2016-18
22090,79.3950,4.7100,34.8317,21.4286,2016-18
22091,81.3462,5.0020,34.6329,37.5000,2016-18
22092,81.0601,4.9701,34.5106,41.0714,2016-18
22096,80.8177,4.8048,34.1809,55.3571,2016-18
22097,79.5648,6.0558,35.2757,3.5714,2016-18
22098,79.5458,6.0716,35.2743,3.5714,2016-18
22100,80.1298,3.6531,34.9696,33.9286,2016-18
22101,80.2278,4.0389,35.0006,28.5714,2016-18
22102,80.1850,4.4010,35.0618,30.3571,2016-18
22103,80.1219,4.6774,35.1439,28.5714,2016-18
22104,81.3997,5.3525,34.6552,37.5000,2016-18
22105,81.0826,5.3472,34.5176,41.0714,2016-18
22109,80.6672,4.9436,34.1748,55.3571,2016-18
22110,79.5362,6.0770,35.2730,3.5714,2016-18
22111,79.5216,6.0854,35.2719,3.5714,2016-18
22113,80.0330,4.0333,34.9871,25.0000,2016-18
22114,80.0429,4.3919,35.0304,25.0000,2016-18
22115,80.0184,4.6887,35.0826,25.0000,2016-18
22116,79.9677,4.9628,35.1443,21.4286,2016-18
22122,80.5917,5.0987,34.1705,55.3571,2016-18
22123,79.5097,6.1003,35.2702,3.5714,2016-18
22124,79.4978,6.1026,35.2691,3.5714,2016-18
22126,79.8749,4.8369,35.1038,23.2143,2016-18
22127,79.8498,5.1678,35.1724,19.6429,2016-18
22128,79.8469,5.3668,35.2305,12.5000,2016-18
22129,79.8268,5.7367,35.3387,5.3571,2016-18
22130,79.9070,6.2134,35.5392,5.3571,2016-18
22136,80.7384,5.2638,34.1690,51.7857,2016-18
22137,79.4841,6.1224,35.2666,3.5714,2016-18
22138,79.4735,6.1223,35.2656,5.3571,2016-18
22141,79.7947,5.1022,35.1339,21.4286,2016-18
22142,79.7623,5.3273,35.1859,16.0714,2016-18
22143,79.7478,5.5611,35.2305,7.1429,2016-18
22144,79.7362,5.9362,35.3380,5.3571,2016-18
22145,79.8373,6.2076,35.4864,5.3571,2016-18
22146,80.0110,6.2017,35.6048,5.3571,2016-18
22147,79.9597,6.2166,35.5742,5.3571,2016-18
22154,79.4492,6.1464,35.2568,5.3571,2016-18
22155,79.4397,6.1461,35.2562,5.3571,2016-18
22158,79.7269,5.2633,35.1387,21.4286,2016-18
22159,79.6815,5.4368,35.1671,14.2857,2016-18
22160,79.6382,5.5742,35.1700,8.9286,2016-18
22161,79.5721,5.8882,35.2199,5.3571,2016-18
22162,80.0536,6.1852,35.6366,5.3571,2016-18
22163,80.0429,6.1936,35.6240,5.3571,2016-18
22168,80.0698,6.1704,35.6542,5.3571,2016-18
22169,80.1226,6.1637,35.6714,5.3571,2016-18
22172,79.6742,5.3435,35.1305,21.4286,2016-18
22173,79.6280,5.4795,35.1471,17.8571,2016-18
22174,79.5828,5.6167,35.1484,8.9286,2016-18
22175,79.5199,5.8700,35.1828,8.9286,2016-18
22180,79.6373,5.3137,35.1163,21.4286,2016-18
22181,79.5915,5.4945,35.1301,17.8571,2016-18
22182,79.5489,5.6390,35.1368,14.2857,2016-18
22183,79.4915,5.8449,35.1598,8.9286,2016-18
22188,79.9312,4.9360,35.3234,25.0000,2016-18
22189,79.5654,5.4754,35.1175,17.8571,2016-18
22190,79.5239,5.6351,35.1253,16.0714,2016-18
22191,79.4662,5.8207,35.1410,12.5000,2016-18
22196,79.7393,5.1253,35.2592,21.4286,2016-18
22197,79.8207,5.0559,35.2779,21.4286,2016-18
22198,79.5101,5.6239,35.1196,16.0714,2016-18
22199,79.4531,5.7797,35.1271,14.2857,2016-18
22204,79.6157,5.2146,35.1267,23.2143,2016-18
22205,79.5648,5.4056,35.1103,19.6429,2016-18
22206,79.5110,5.5784,35.1134,17.8571,2016-18
22207,79.4567,5.7192,35.1185,16.0714,2016-18
22211,79.5706,5.2371,35.0798,23.2143,2016-18
22212,79.5608,5.3787,35.0990,21.4286,2016-18
22213,79.5179,5.5336,35.1082,19.6429,2016-18
22214,79.4735,5.6504,35.1141,17.8571,2016-18
22218,79.5778,5.1486,35.0567,28.5714,2016-18
22219,79.5701,5.3110,35.0834,28.5714,2016-18
22220,79.5402,5.4550,35.1000,23.2143,2016-18
22221,79.5076,5.5598,35.1099,21.4286,2016-18
22223,79.8276,6.2458,33.7559,46.4286,2016-18
22225,79.6189,5.0302,35.0219,30.3571,2016-18
22226,79.6053,5.1921,35.0595,30.3571,2016-18
22227,79.5861,5.3249,35.0834,28.5714,2016-18
22228,79.5664,5.4303,35.1014,23.2143,2016-18
22230,79.8333,6.2551,33.8763,46.4286,2016-18
22232,79.6892,5.0523,35.0394,30.3571,2016-18
22233,79.6781,5.1446,35.0627,30.3571,2016-18
22234,79.6703,5.2362,35.0862,30.3571,2016-18
22235,79.6906,5.3164,35.1162,26.7857,2016-18
22237,81.2212,4.4390,35.1882,50.0000,2016-18
22239,79.8789,5.0882,35.1090,30.3571,2016-18
22240,79.8315,5.1477,35.1117,30.3571,2016-18
22241,79.8526,5.2013,35.1375,28.5714,2016-18
22242,79.9842,5.2232,35.1909,26.7857,2016-18
22243,81.0613,4.9081,35.5086,32.1429,2016-18
22245,81.4042,4.5153,35.3876,44.6429,2016-18
22247,80.0258,5.1388,35.1670,32.1429,2016-18
22248,79.9610,5.1724,35.1529,32.1429,2016-18
22249,79.9162,5.2108,35.1435,28.5714,2016-18
22250,79.8373,5.2625,35.1110,26.7857,2016-18
22251,81.3676,4.8593,35.3755,39.2857,2016-18
22254,80.1798,5.1092,35.2078,33.9286,2016-18
22255,80.1123,5.1418,35.1897,32.1429,2016-18
22256,80.0326,5.1798,35.1653,32.1429,2016-18
22257,79.9392,5.2229,35.1278,30.3571,2016-18
22260,80.4412,5.0345,35.2741,33.9286,2016-18
22261,80.3865,5.0627,35.2603,35.7143,2016-18
22262,80.2996,5.0972,35.2347,35.7143,2016-18
22263,80.2663,5.1117,35.2184,35.7143,2016-18
22266,80.7903,4.9213,35.3444,39.2857,2016-18
22267,80.6950,4.9663,35.3359,35.7143,2016-18
22268,81.3531,4.6903,35.4102,46.4286,2016-18
22269,80.6419,4.9852,35.3260,35.7143,2016-18
22270,80.6526,4.9776,35.3276,33.9286,2016-18
22273,80.8584,4.8960,35.3624,39.2857,2016-18
22274,80.9722,4.8680,35.4104,37.5000,2016-18
22275,81.0322,4.8407,35.4348,33.9286,2016-18
22276,81.2993,4.6340,35.3450,62.5000,2016-18
22277,81.0880,4.8124,35.4532,33.9286,2016-18
22280,81.4464,4.6635,35.5497,42.8571,2016-18
22281,83.2972,3.4515,36.1540,60.7143,2016-18
22282,83.5661,3.2430,36.2281,57.1429,2016-18
22283,83.7264,3.1149,36.2689,53.5714,2016-18
22284,79.2336,5.2140,34.4890,33.9286,2016-18
22287,82.2370,4.3288,35.8045,42.8571,2016-18
22288,82.5082,4.2252,35.9011,42.8571,2016-18
22289,83.7287,3.3709,36.2972,51.7857,2016-18
22290,83.7756,3.2073,36.2965,50.0000,2016-18
22294,82.7174,4.1119,35.9495,46.4286,2016-18
22295,83.0166,4.0130,36.0539,46.4286,2016-18
22296,83.1629,3.9994,36.1182,46.4286,2016-18
22297,83.1832,4.0508,36.1532,46.4286,2016-18
22301,82.9904,4.2461,36.0817,46.4286,2016-18
22302,83.1052,4.1381,36.1066,50.0000,2016-18
22303,83.1986,4.0934,36.1464,50.0000,2016-18
22304,83.3197,4.0544,36.2117,50.0000,2016-18
22308,81.3679,4.6691,35.3804,35.7143,2016-18
22309,82.9665,4.3776,36.0849,50.0000,2016-18
22310,83.0972,4.2622,36.1223,50.0000,2016-18
22311,83.3702,4.0706,36.2300,53.5714,2016-18
22316,81.4448,4.7021,35.4006,37.5000,2016-18
22317,81.3600,4.7173,35.3916,35.7143,2016-18
22318,81.6821,4.7392,35.5448,37.5000,2016-18
22319,81.8323,4.7645,35.6267,37.5000,2016-18
22324,81.4870,4.7359,35.4014,37.5000,2016-18
22325,81.6587,4.7760,35.5095,37.5000,2016-18
22326,81.6787,4.8214,35.5314,37.5000,2016-18
22331,81.1811,4.8023,35.2511,33.9286,2016-18
22332,81.6046,4.7964,35.4650,37.5000,2016-18
22333,81.7348,4.8113,35.5330,37.5000,2016-18
22338,80.6977,4.8903,35.0260,33.9286,2016-18
22339,81.4717,4.8187,35.3886,37.5000,2016-18
22340,81.7261,4.8057,35.5097,37.5000,2016-18
22341,72.8774,3.3341,30.7639,62.5000,2016-18
22345,80.5471,4.9321,34.9509,33.9286,2016-18
22346,81.3667,4.8385,35.3295,37.5000,2016-18
22347,81.7042,4.8007,35.4861,37.5000,2016-18
22351,80.4385,4.9633,34.8968,37.5000,2016-18
22352,81.2409,4.8693,35.2644,37.5000,2016-18
22353,81.6637,4.7941,35.4584,37.5000,2016-18
22357,80.2643,4.9980,34.8198,35.7143,2016-18
22358,80.9707,4.9095,35.1393,35.7143,2016-18
22359,81.5885,4.7854,35.4184,37.5000,2016-18
22363,79.7882,5.0483,34.6439,35.7143,2016-18
22364,80.7777,4.9284,35.0563,35.7143,2016-18
22365,79.4736,5.0744,34.4931,30.3571,2016-18
22366,81.5473,4.7776,35.3979,37.5000,2016-18
22370,79.6976,5.0485,34.6122,35.7143,2016-18
22371,80.7785,4.9135,35.0562,35.7143,2016-18
22372,79.1403,5.0976,34.3657,33.9286,2016-18
22373,81.4118,4.7785,35.3362,37.5000,2016-18
22374,79.4095,5.0757,34.4640,32.1429,2016-18
22375,79.1086,5.0963,34.3496,33.9286,2016-18
22379,79.8149,5.0063,34.6555,35.7143,2016-18
22380,80.5583,4.9014,34.9576,35.7143,2016-18
22381,80.4991,4.8714,34.9315,35.7143,2016-18
22382,79.3173,5.0762,34.4229,32.1429,2016-18
22383,78.9617,5.1050,34.2792,33.9286,2016-18
22387,79.7628,4.9688,34.6252,35.7143,2016-18
22388,79.9690,4.9420,34.6937,35.7143,2016-18
22389,79.6570,4.9458,34.5569,35.7143,2016-18
22390,79.1951,5.0768,34.3665,32.1429,2016-18
22391,78.5902,5.1355,34.0951,28.5714,2016-18
22395,79.5871,4.9314,34.5394,35.7143,2016-18
22396,79.4403,4.9711,34.4520,32.1429,2016-18
22397,79.1882,4.9573,34.3458,32.1429,2016-18
22398,79.0536,5.0765,34.2951,32.1429,2016-18
22399,78.3914,5.1469,33.9936,30.3571,2016-18
22403,79.4023,4.8737,34.4501,33.9286,2016-18
22404,79.1559,4.9503,34.3191,32.1429,2016-18
22405,79.0650,4.9031,34.2855,32.1429,2016-18
22406,78.7075,5.0919,34.0918,26.7857,2016-18
22407,77.8977,5.1889,33.7336,26.7857,2016-18
22411,79.1291,4.8325,34.3145,33.9286,2016-18
22412,79.0112,4.8858,34.2473,33.9286,2016-18
22413,78.9419,4.8397,34.2219,33.9286,2016-18
22414,77.9372,5.1362,33.6149,26.7857,2016-18
22415,77.0108,5.2608,33.2456,23.2143,2016-18
22419,78.9781,4.7560,34.2321,35.7143,2016-18
22420,78.8332,4.8210,34.1560,33.9286,2016-18
22421,78.8127,4.7689,34.1515,33.9286,2016-18
22422,77.1868,5.1570,33.1340,26.7857,2016-18
22423,76.2842,5.2879,32.8097,25.0000,2016-18
22427,78.8348,4.6790,34.1485,35.7143,2016-18
22428,78.6028,4.6975,34.0278,37.5000,2016-18
22429,78.6926,4.7424,34.0770,35.7143,2016-18
22430,78.6944,4.7010,34.0821,35.7143,2016-18
22431,76.8191,5.1374,32.8743,23.2143,2016-18
22432,76.0835,5.2483,32.6138,23.2143,2016-18
22433,76.3617,5.1173,32.5384,23.2143,2016-18
22434,75.9019,5.2234,32.4630,23.2143,2016-18
22435,75.7497,5.1490,32.3127,23.2143,2016-18
22440,78.6544,4.5920,34.0363,39.2857,2016-18
22441,78.3791,4.6376,33.8981,37.5000,2016-18
22442,78.5090,4.6656,33.9698,37.5000,2016-18
22443,78.5380,4.6260,33.9858,35.7143,2016-18
22444,76.3688,5.0977,32.5380,23.2143,2016-18
22445,75.8580,5.1823,32.3632,23.2143,2016-18
22446,75.9212,5.0784,32.2170,23.2143,2016-18
22447,75.7467,5.1610,32.2818,23.2143,2016-18
22448,75.7395,5.0127,32.1963,21.4286,2016-18
22449,75.7525,5.0339,32.2470,23.2143,2016-18
22450,75.7108,4.8498,32.0888,21.4286,2016-18
22455,78.4491,4.5176,33.9060,39.2857,2016-18
22456,78.1457,4.5894,33.7600,37.5000,2016-18
22457,78.1682,4.6522,33.7912,37.5000,2016-18
22458,78.2512,4.5892,33.8289,37.5000,2016-18
22459,75.9744,5.0527,32.2349,23.2143,2016-18
22460,75.7472,5.1241,32.2226,23.2143,2016-18
22461,75.5984,5.0354,31.9761,21.4286,2016-18
22462,75.5124,5.0068,31.9142,21.4286,2016-18
22463,75.5799,4.6523,31.7083,21.4286,2016-18
22464,75.5049,4.4598,31.6469,23.2143,2016-18
22465,75.7190,4.8635,32.1319,25.0000,2016-18
22466,75.6483,4.6604,31.9548,21.4286,2016-18
22467,75.4128,4.2873,31.5283,23.2143,2016-18
22472,78.0804,4.5220,33.6958,37.5000,2016-18
22473,77.9244,4.5356,33.6215,35.7143,2016-18
22474,77.8826,4.6222,33.6324,37.5000,2016-18
22475,78.0349,4.5339,33.6949,37.5000,2016-18
22476,75.7158,4.9757,32.0258,23.2143,2016-18
22477,75.6622,5.0582,32.1060,23.2143,2016-18
22478,75.4231,4.9154,31.8113,21.4286,2016-18
22479,75.5428,4.9349,31.9011,23.2143,2016-18
22480,75.2750,4.6817,31.6427,21.4286,2016-18
22481,75.5755,4.6429,31.9236,25.0000,2016-18
22482,75.5535,4.4825,31.8159,23.2143,2016-18
22483,75.3347,4.1621,31.4304,23.2143,2016-18
22488,77.6990,4.5275,33.4803,32.1429,2016-18
22489,77.7176,4.4799,33.4859,32.1429,2016-18
22490,77.6641,4.5690,33.4975,33.9286,2016-18
22491,77.8764,4.4638,33.5797,33.9286,2016-18
22492,75.4956,4.8744,31.8134,21.4286,2016-18
22493,75.4436,4.9707,31.8657,23.2143,2016-18
22494,74.9357,4.7464,31.3242,19.6429,2016-18
22495,75.5041,4.8506,31.8328,25.0000,2016-18
22496,74.9001,4.4290,31.1710,23.2143,2016-18
22497,75.1778,4.4616,31.4958,21.4286,2016-18
22498,74.8046,4.2713,31.0232,26.7857,2016-18
22499,75.4176,4.3123,31.6432,30.3571,2016-18
22500,75.4514,4.3204,31.6592,25.0000,2016-18
22501,75.2792,4.1087,31.3756,25.0000,2016-18
22506,77.4322,4.5134,33.3103,32.1429,2016-18
22507,77.5684,4.4117,33.3690,30.3571,2016-18
22508,77.5626,4.4749,33.4016,33.9286,2016-18
22509,77.7264,4.3868,33.4587,33.9286,2016-18
22510,75.3314,4.7892,31.6452,21.4286,2016-18
22511,75.3276,4.8760,31.7140,23.2143,2016-18
22512,74.9660,4.6059,31.2871,21.4286,2016-18
22513,75.3551,4.7741,31.6991,25.0000,2016-18
22514,75.0882,4.2326,31.3260,23.2143,2016-18
22515,74.7838,4.1304,30.9341,26.7857,2016-18
22516,75.2217,4.0327,31.3480,28.5714,2016-18
22517,75.2038,3.9847,31.2582,26.7857,2016-18
22522,76.9096,4.5858,33.0323,32.1429,2016-18
22523,77.2923,4.3955,33.1928,28.5714,2016-18
22524,77.4055,4.3874,33.2663,33.9286,2016-18
22525,77.5418,4.3100,33.3102,35.7143,2016-18
22526,75.1843,4.7477,31.5125,19.6429,2016-18
22527,75.2050,4.8081,31.5816,23.2143,2016-18
22528,74.9296,4.6013,31.2654,21.4286,2016-18
22529,75.2131,4.7250,31.5873,25.0000,2016-18
22530,74.9190,4.5233,31.2203,21.4286,2016-18
22531,75.0064,4.0074,31.1455,23.2143,2016-18
22532,74.7458,3.9829,30.8197,26.7857,2016-18
22533,75.0330,3.8398,31.1017,30.3571,2016-18
22534,75.1098,3.8569,31.1207,26.7857,2016-18
22539,76.2767,4.6526,32.7051,32.1429,2016-18
22540,76.7622,4.4433,32.9036,28.5714,2016-18
22541,77.0937,4.3393,33.0537,37.5000,2016-18
22542,77.2707,4.2500,33.1138,37.5000,2016-18
22543,75.1032,4.7018,31.4171,21.4286,2016-18
22544,75.1538,4.7787,31.5205,23.2143,2016-18
22545,74.8884,4.5733,31.2013,21.4286,2016-18
22546,75.1201,4.7130,31.4601,23.2143,2016-18
22547,75.2074,4.6661,31.5560,25.0000,2016-18
22548,74.8691,4.4942,31.1529,21.4286,2016-18
22549,74.8883,4.4355,31.1518,25.0000,2016-18
22550,74.8403,4.4506,31.1162,23.2143,2016-18
22551,74.8743,3.8013,30.9253,25.0000,2016-18
22552,74.6827,3.8303,30.6765,30.3571,2016-18
22554,74.9458,3.7252,30.9338,26.7857,2016-18
22559,76.0012,4.6133,32.5250,32.1429,2016-18
22560,76.3860,4.4453,32.6857,30.3571,2016-18
22561,76.7557,4.3220,32.8469,37.5000,2016-18
22562,77.0047,4.2117,32.9339,35.7143,2016-18
22563,75.0550,4.6403,31.3319,23.2143,2016-18
22564,74.8564,4.4980,31.0389,21.4286,2016-18
22565,74.8618,4.3928,31.0100,21.4286,2016-18
22566,75.1015,4.6308,31.3958,25.0000,2016-18
22567,75.1956,4.6115,31.5225,23.2143,2016-18
22568,75.0246,4.5282,31.2320,21.4286,2016-18
22569,74.8591,4.3405,31.0194,25.0000,2016-18
22570,74.7418,4.3408,31.0298,25.0000,2016-18
22571,74.8567,4.2151,30.9549,26.7857,2016-18
22575,74.5975,3.6164,30.6509,25.0000,2016-18
22580,75.9012,4.5038,32.4053,30.3571,2016-18
22581,76.1116,4.4188,32.5125,28.5714,2016-18
22582,76.4396,4.3111,32.6614,33.9286,2016-18
22583,76.7621,4.1767,32.7752,33.9286,2016-18
22584,74.8961,4.2567,30.9074,21.4286,2016-18
22585,75.0732,4.5246,31.2999,23.2143,2016-18
22586,75.1652,4.5438,31.4600,23.2143,2016-18
22587,74.9988,4.3801,31.0745,21.4286,2016-18
22588,74.9830,4.1046,30.6534,21.4286,2016-18
22589,74.1450,4.2677,30.6981,23.2143,2016-18
22590,74.6728,4.1172,30.8277,30.3571,2016-18
22591,74.6266,3.9368,30.7004,35.7143,2016-18
22595,74.2926,3.5246,30.4265,30.3571,2016-18
22600,75.8264,4.3785,32.3033,32.1429,2016-18
22601,75.9781,4.3260,32.3947,25.0000,2016-18
22602,76.0788,4.3092,32.4672,28.5714,2016-18
22603,76.4571,4.1477,32.6017,32.1429,2016-18
22604,75.0641,4.4536,31.2650,23.2143,2016-18
22605,75.1466,4.4880,31.4239,23.2143,2016-18
22606,74.9858,4.3144,31.0424,21.4286,2016-18
22607,75.0021,4.0869,30.7509,21.4286,2016-18
22608,75.0188,3.9986,30.6389,21.4286,2016-18
22609,73.8948,4.1671,30.5190,25.0000,2016-18
22610,74.4110,3.9935,30.6359,39.2857,2016-18
22612,74.4566,3.8047,30.5079,46.4286,2016-18
22622,75.6915,4.2619,32.1832,30.3571,2016-18
22623,75.7473,4.2436,32.2462,23.2143,2016-18
22624,75.7833,4.2595,32.2966,25.0000,2016-18
22625,76.2033,4.0914,32.4517,28.5714,2016-18
22626,75.0458,4.3672,31.2117,23.2143,2016-18
22627,75.1240,4.4236,31.3825,23.2143,2016-18
22628,74.9703,4.2067,30.9753,21.4286,2016-18
22629,75.0038,3.9679,30.6695,21.4286,2016-18
22630,75.1633,3.9355,30.4885,25.0000,2016-18
22631,75.0112,3.9416,30.5950,26.7857,2016-18
22632,75.1922,3.9035,30.4883,25.0000,2016-18
22648,74.8733,4.3651,31.8158,23.2143,2016-18
22649,76.6136,3.9474,32.4891,48.2143,2016-18
22650,76.5627,3.8014,32.4875,53.5714,2016-18
22651,75.7700,4.0847,32.2385,30.3571,2016-18
22652,75.0251,4.2675,31.1462,23.2143,2016-18
22653,75.0891,4.3097,31.3083,23.2143,2016-18
22654,74.9536,4.1161,30.9068,21.4286,2016-18
22655,74.9445,3.9268,30.5753,19.6429,2016-18
22656,75.0313,3.9007,30.5849,28.5714,2016-18
22657,75.2117,3.8591,30.5039,23.2143,2016-18
22671,75.9116,3.9318,32.1943,51.7857,2016-18
22672,76.5485,3.7642,32.5636,48.2143,2016-18
22673,76.7138,3.6533,32.6614,53.5714,2016-18
22674,75.1570,4.1607,31.9593,33.9286,2016-18
22675,75.0114,4.1600,31.0872,23.2143,2016-18
22676,75.0662,4.1779,31.2333,23.2143,2016-18
22677,74.9256,4.0409,30.8525,21.4286,2016-18
22678,74.9561,3.8746,30.5493,23.2143,2016-18
22679,75.0578,3.8658,30.5813,28.5714,2016-18
22680,75.2297,3.8323,30.5139,28.5714,2016-18
22693,76.9758,3.4842,32.7612,60.7143,2016-18
22694,76.9783,3.6016,32.8202,57.1429,2016-18
22695,76.9062,3.5792,32.7891,57.1429,2016-18
22696,75.0396,4.1630,31.9081,32.1429,2016-18
22697,75.0102,4.0033,31.0285,23.2143,2016-18
22698,75.0760,3.9784,31.1548,25.0000,2016-18
22699,74.6780,3.9922,30.7124,21.4286,2016-18
22700,74.5904,3.9238,30.4622,23.2143,2016-18
22701,74.2306,3.9382,30.2121,23.2143,2016-18
22702,75.0981,3.8269,30.5793,28.5714,2016-18
22703,75.2570,3.8084,30.5232,30.3571,2016-18
22716,78.2501,3.1386,33.3964,71.4286,2016-18
22717,77.4840,3.4481,33.0887,58.9286,2016-18
22718,77.1511,3.4897,32.9307,57.1429,2016-18
22719,75.0155,4.1502,31.9009,32.1429,2016-18
22720,74.9474,3.8369,30.9449,23.2143,2016-18
22721,75.0903,3.7524,31.0580,26.7857,2016-18
22722,74.5085,3.9095,30.6256,21.4286,2016-18
22723,74.3718,3.9043,30.4319,23.2143,2016-18
22724,74.2412,3.8973,30.3029,25.0000,2016-18
22725,74.0644,3.9213,30.1165,25.0000,2016-18
22726,74.1617,3.8883,30.2339,28.5714,2016-18
22727,73.9691,3.8975,30.0404,30.3571,2016-18
22738,78.1716,3.2720,33.3645,75.0000,2016-18
22739,77.8520,3.3668,33.2616,64.2857,2016-18
22740,77.4879,3.3820,33.1033,64.2857,2016-18
22741,78.5060,2.7294,33.5244,85.7143,2016-18
22742,74.6857,3.6927,30.7342,28.5714,2016-18
22743,74.7718,3.4675,30.6722,30.3571,2016-18
22744,74.1730,3.8423,30.4346,28.5714,2016-18
22745,74.0503,3.8764,30.2885,28.5714,2016-18
22746,74.0996,3.8501,30.2672,30.3571,2016-18
22747,74.0847,3.8466,30.2418,32.1429,2016-18
22748,74.0638,3.8792,30.0834,32.1429,2016-18
22749,74.2213,3.8486,30.2411,30.3571,2016-18
22750,74.2534,3.7811,30.1203,30.3571,2016-18
22751,74.1273,3.8304,30.2476,35.7143,2016-18
22752,74.1004,3.8451,30.0688,30.3571,2016-18
22753,74.3446,3.7285,30.1381,33.9286,2016-18
22764,77.8273,3.3970,33.2092,73.2143,2016-18
22765,77.7842,3.3998,33.2127,66.0714,2016-18
22766,77.6424,3.3135,33.1868,64.2857,2016-18
22767,75.1375,4.0832,31.9734,32.1429,2016-18
22768,74.4575,3.6486,30.5664,33.9286,2016-18
22769,74.2722,3.3944,30.2983,35.7143,2016-18
22770,73.9285,3.8468,30.2698,32.1429,2016-18
22771,74.0762,3.8189,30.2683,30.3571,2016-18
22772,74.1848,3.8310,30.1401,30.3571,2016-18
22773,74.2831,3.8056,30.2637,32.1429,2016-18
22774,74.1897,3.8003,30.2646,35.7143,2016-18
22775,74.2412,3.7850,30.1013,33.9286,2016-18
22776,74.3618,3.7224,30.1343,37.5000,2016-18
22787,74.1251,4.3758,31.4373,32.1429,2016-18
22788,74.3807,4.3045,31.5852,32.1429,2016-18
22789,75.0002,4.1260,31.9159,30.3571,2016-18
22790,74.8336,4.1031,31.8606,28.5714,2016-18
22791,74.2265,3.6680,30.3861,37.5000,2016-18
22792,74.0279,3.3698,30.1320,37.5000,2016-18
22793,73.6828,3.8671,30.1171,33.9286,2016-18
22794,73.8870,3.8404,30.1314,33.9286,2016-18
22795,74.2810,3.7853,30.1678,30.3571,2016-18
22796,74.2714,3.7982,30.2502,30.3571,2016-18
22797,74.3096,3.7789,30.2627,32.1429,2016-18
22798,74.2875,3.7624,30.2838,35.7143,2016-18
22808,74.0874,4.3555,31.4182,28.5714,2016-18
22809,74.2507,4.3061,31.5295,28.5714,2016-18
22810,74.7680,4.1519,31.8186,30.3571,2016-18
22811,74.5741,4.1174,31.7660,26.7857,2016-18
22812,73.9955,3.6985,30.1992,41.0714,2016-18
22813,73.7550,3.2490,29.9321,39.2857,2016-18
22814,73.5858,3.8678,30.0168,37.5000,2016-18
22815,73.5524,3.8712,29.9374,39.2857,2016-18
22816,74.3561,3.7478,30.2151,32.1429,2016-18
22817,74.4370,3.6952,30.2233,37.5000,2016-18
22818,74.3776,3.7156,30.3027,41.0714,2016-18
22829,74.7998,4.2246,31.7112,35.7143,2016-18
22830,74.7601,4.2538,31.7254,30.3571,2016-18
22831,75.6549,4.0598,32.1507,35.7143,2016-18
22832,74.4017,4.1275,31.7052,26.7857,2016-18
22833,73.8493,3.6723,30.0670,46.4286,2016-18
22834,73.5036,3.1950,29.7783,41.0714,2016-18
22835,73.5313,3.8530,29.9441,39.2857,2016-18
22836,73.4591,3.8657,29.8542,41.0714,2016-18
22837,74.5126,3.6356,30.2263,39.2857,2016-18
22838,74.4482,3.6758,30.3136,42.8571,2016-18
22849,74.7160,4.1783,31.7193,42.8571,2016-18
22850,75.5007,3.9059,32.1177,44.6429,2016-18
22851,75.3760,4.1013,32.0373,35.7143,2016-18
22852,74.0938,4.1712,31.5790,28.5714,2016-18
22853,73.6620,3.6090,29.9293,48.2143,2016-18
22854,73.2186,3.1569,29.6162,46.4286,2016-18
22855,73.4689,3.8273,29.8753,42.8571,2016-18
22856,73.4283,3.8504,29.8025,42.8571,2016-18
22857,74.5918,3.5672,30.2357,41.0714,2016-18
22858,74.5185,3.6330,30.3244,48.2143,2016-18
22869,74.8162,4.0614,31.8116,48.2143,2016-18
22870,75.6060,3.8473,32.1857,51.7857,2016-18
22871,75.7687,3.8924,32.2594,44.6429,2016-18
22872,75.1179,4.0822,31.9934,39.2857,2016-18
22873,73.3292,3.5246,29.7285,51.7857,2016-18
22875,73.3898,3.7997,29.8061,42.8571,2016-18
22876,73.4529,3.8185,29.7910,44.6429,2016-18
22877,74.5937,3.5130,30.2171,44.6429,2016-18
22878,74.5852,3.5891,30.3366,50.0000,2016-18
22890,72.6723,4.6001,30.8494,21.4286,2016-18
22891,75.7049,3.8638,32.2355,53.5714,2016-18
22892,75.7783,3.9474,32.2748,41.0714,2016-18
22893,74.7938,4.1396,31.8640,37.5000,2016-18
22898,74.2478,3.5472,30.0504,50.0000,2016-18
22899,74.6386,3.5488,30.3460,50.0000,2016-18
22912,72.3752,4.6033,30.7186,21.4286,2016-18
22913,76.0409,3.9085,32.3860,44.6429,2016-18
22914,77.1492,3.7610,32.8196,50.0000,2016-18
22915,76.0263,3.9404,32.3996,42.8571,2016-18
22920,73.9201,3.5855,29.8982,51.7857,2016-18
22921,74.4043,3.5764,30.2231,53.5714,2016-18
22934,74.9635,4.1669,31.9253,44.6429,2016-18
22935,77.3368,3.7382,32.8703,53.5714,2016-18
22936,77.3731,3.7769,32.8650,53.5714,2016-18
22937,76.2698,3.9307,32.4937,44.6429,2016-18
22941,74.3174,3.5697,30.1680,55.3571,2016-18
22948,75.3630,4.1036,32.1028,46.4286,2016-18
22949,77.3882,3.7879,32.8616,53.5714,2016-18
22950,77.3840,3.7861,32.8618,55.3571,2016-18
22951,77.3553,3.8202,32.8566,48.2143,2016-18
22954,74.2148,3.4557,30.0151,55.3571,2016-18
22955,74.4133,3.5166,30.1941,57.1429,2016-18
22961,75.8891,4.0663,32.3073,44.6429,2016-18
22962,77.3954,3.7972,32.8604,50.0000,2016-18
22963,77.3899,3.7942,32.8597,53.5714,2016-18
22964,77.3856,3.8152,32.8561,50.0000,2016-18
22965,74.3343,3.4008,30.0639,57.1429,2016-18
22966,74.3531,3.4895,30.1452,57.1429,2016-18
22973,75.9819,4.0628,32.3391,44.6429,2016-18
22974,77.4039,3.7950,32.8596,50.0000,2016-18
22975,77.3950,3.7879,32.8589,51.7857,2016-18
22976,77.4047,3.8070,32.8545,50.0000,2016-18
22978,73.9573,3.5175,29.9343,57.1429,2016-18
22985,73.2494,4.4775,31.1672,21.4286,2016-18
22986,76.8770,3.9174,32.6739,50.0000,2016-18
22987,77.4882,3.7622,32.8546,51.7857,2016-18
22988,77.5111,3.7234,32.8500,50.0000,2016-18
22997,72.7339,4.5290,30.9495,17.8571,2016-18
22998,75.8650,4.0989,32.2991,44.6429,2016-18
22999,77.7642,3.5985,32.8572,60.7143,2016-18
23000,77.6368,3.6348,32.8579,57.1429,2016-18
23009,72.7038,4.5211,30.9439,17.8571,2016-18
23010,75.7926,4.1175,32.2688,44.6429,2016-18
23011,78.0603,3.4171,32.8391,67.8571,2016-18
23012,77.2976,3.7970,32.7069,50.0000,2016-18
23021,72.7171,4.5154,30.9571,17.8571,2016-18
23022,76.9174,3.9229,32.6674,57.1429,2016-18
23023,78.3227,3.3189,32.8293,71.4286,2016-18
23024,77.6797,3.6683,32.7422,50.0000,2016-18
23033,75.7226,4.0540,32.1980,48.2143,2016-18
23034,77.1991,3.8459,32.6813,60.7143,2016-18
23035,78.5826,3.2604,32.8218,78.5714,2016-18
23036,78.3849,3.4161,32.7769,57.1429,2016-18
23045,75.9269,3.9956,32.2587,50.0000,2016-18
23046,77.3668,3.8052,32.6666,60.7143,2016-18
23047,78.7550,3.2610,32.8202,78.5714,2016-18
23048,78.7878,3.2084,32.8203,78.5714,2016-18
23054,76.2435,3.9399,32.3376,50.0000,2016-18
23055,78.5575,3.4234,32.7983,80.3571,2016-18
23056,78.8212,3.2846,32.8131,76.7857,2016-18
23057,78.7582,3.3187,32.7807,57.1429,2016-18
23060,77.6472,3.6300,32.7547,78.5714,2016-18
23061,78.5549,3.4498,32.7864,76.7857,2016-18
23062,78.9482,3.2707,32.8117,75.0000,2016-18
23063,78.8254,3.3196,32.7757,58.9286,2016-18
23066,77.5897,3.7048,32.7391,80.3571,2016-18
23067,79.5500,2.9963,32.8477,78.5714,2016-18
23068,79.9325,2.7740,32.8715,78.5714,2016-18
23069,78.8378,3.3326,32.7706,58.9286,2016-18
23072,77.5161,3.7575,32.7161,76.7857,2016-18
23073,79.4306,3.0695,32.8390,80.3571,2016-18
23074,79.9367,2.7664,32.8703,78.5714,2016-18
23075,78.8040,3.3665,32.7636,60.7143,2016-18
23078,76.8072,3.8680,32.4292,55.3571,2016-18
23079,78.6102,3.4685,32.7442,76.7857,2016-18
23080,80.2227,2.5604,32.8826,80.3571,2016-18
23081,78.9385,3.3381,32.7529,62.5000,2016-18
23084,76.8872,3.8660,32.4432,55.3571,2016-18
23085,78.8991,3.3460,32.7552,76.7857,2016-18
23086,80.4131,2.4418,32.8872,83.9286,2016-18
23087,79.1147,3.3096,32.7541,60.7143,2016-18
23090,77.1709,3.8294,32.4861,55.3571,2016-18
23091,79.2831,3.1941,32.7823,78.5714,2016-18
23092,80.4373,2.4599,32.8806,85.7143,2016-18
23093,79.2112,3.2913,32.7599,60.7143,2016-18
23096,77.6746,3.7198,32.5673,57.1429,2016-18
23097,79.4710,3.1309,32.7968,82.1429,2016-18
23098,80.3764,2.5608,32.8675,85.7143,2016-18
23099,79.4300,3.2225,32.7836,64.2857,2016-18
23102,78.5299,3.5225,32.8768,64.2857,2016-18
23103,79.0005,3.3682,32.7517,71.4286,2016-18
23104,80.2827,2.6756,32.8566,83.9286,2016-18
23105,79.8428,3.0203,32.8190,82.1429,2016-18
23108,74.8564,4.2209,31.6919,39.2857,2016-18
23109,79.1039,3.3707,32.8401,71.4286,2016-18
23110,79.7747,3.0902,32.8248,85.7143,2016-18
23111,79.2963,3.2989,32.8012,69.6429,2016-18
23114,77.4326,3.8205,32.5722,60.7143,2016-18
23115,79.0689,3.3917,32.8598,71.4286,2016-18
23116,79.2359,3.2733,32.8399,73.2143,2016-18
23117,77.6016,3.7037,32.4098,55.3571,2016-18
23120,78.0670,3.5108,32.6190,64.2857,2016-18
23121,77.7509,3.7106,32.5231,60.7143,2016-18
23122,79.3713,3.1865,32.8653,76.7857,2016-18
23123,75.7080,3.7823,31.6067,53.5714,2016-18
23126,78.6952,3.2271,32.6935,73.2143,2016-18
23127,78.1399,3.4837,32.5764,67.8571,2016-18
23128,77.9429,3.5657,32.5012,62.5000,2016-18
23129,77.3696,3.5447,32.2237,60.7143,2016-18
23132,78.4390,3.3689,32.6915,76.7857,2016-18
23133,74.1557,4.2832,31.4064,30.3571,2016-18
23134,78.1152,3.4100,32.5061,73.2143,2016-18
23135,78.0145,3.3702,32.4210,75.0000,2016-18
23138,74.5671,4.1949,31.5053,33.9286,2016-18
23139,72.2895,4.3955,30.6597,19.6429,2016-18
23140,74.4512,4.1726,31.4281,35.7143,2016-18
23141,74.8887,3.9767,31.4135,50.0000,2016-18
23144,73.1134,4.2737,30.9067,28.5714,2016-18
23145,71.8192,4.4010,30.4585,19.6429,2016-18
23146,73.9641,4.2063,31.2308,30.3571,2016-18
23147,74.4741,4.0331,31.2666,41.0714,2016-18
23150,73.0370,4.2449,30.8506,26.7857,2016-18
23151,72.2337,4.3330,30.5850,23.2143,2016-18
23152,73.8662,4.1768,31.1557,32.1429,2016-18
23153,73.9150,4.0880,31.0571,37.5000,2016-18
23156,72.9622,4.2114,30.7898,28.5714,2016-18
23157,75.9552,3.7830,31.8023,53.5714,2016-18
23158,76.1277,3.8444,31.9110,57.1429,2016-18
23159,73.6921,4.0889,30.9599,35.7143,2016-18
23162,75.5665,3.7940,31.6394,48.2143,2016-18
23163,75.8796,3.7795,31.7531,55.3571,2016-18
23164,76.0622,3.7988,31.8503,58.9286,2016-18
23165,73.4525,4.0858,30.8487,35.7143,2016-18
23168,75.7009,3.7157,31.6299,53.5714,2016-18
23169,75.8731,3.7484,31.7163,58.9286,2016-18
23170,76.1290,3.6959,31.8224,62.5000,2016-18
23171,72.8905,4.1163,30.6070,33.9286,2016-18
23174,75.6995,3.6898,31.5837,55.3571,2016-18
23175,77.1870,2.6861,31.6757,80.3571,2016-18
23176,76.0352,3.6323,31.7399,67.8571,2016-18
23177,72.2385,4.1335,30.3173,30.3571,2016-18
23180,77.1480,2.4294,31.6671,89.2857,2016-18
23181,77.2549,2.5778,31.6789,82.1429,2016-18
23182,72.3611,4.1904,30.4189,33.9286,2016-18
23183,72.2994,4.0719,30.2961,30.3571,2016-18
23186,76.1625,3.3624,31.5789,64.2857,2016-18
23187,75.5985,3.7419,31.5574,64.2857,2016-18
23188,72.0873,4.1669,30.2716,30.3571,2016-18
23189,72.2805,4.0085,30.2421,33.9286,2016-18
23192,76.0532,3.3970,31.5448,66.0714,2016-18
23193,75.6681,3.6852,31.5418,66.0714,2016-18
23194,71.2746,4.1768,29.9193,25.0000,2016-18
23195,71.1389,4.0298,29.7618,25.0000,2016-18
23198,75.8069,3.4750,31.4718,66.0714,2016-18
23199,75.7130,3.6227,31.5102,67.8571,2016-18
23200,71.1898,4.1361,29.8510,26.7857,2016-18
23201,70.6701,4.0032,29.5473,21.4286,2016-18
23204,75.5944,3.5322,31.3973,66.0714,2016-18
23205,77.1249,2.5506,31.7964,89.2857,2016-18
23206,70.8977,4.1250,29.7104,23.2143,2016-18
23207,70.5182,3.9533,29.4605,19.6429,2016-18
23210,75.5154,3.5346,31.3516,67.8571,2016-18
23211,77.0913,2.5235,31.7697,89.2857,2016-18
23212,71.0022,4.1036,29.7311,25.0000,2016-18
23213,69.7635,3.9565,29.1574,17.8571,2016-18
23216,75.5167,3.4846,31.3196,71.4286,2016-18
23217,77.0864,2.2999,31.7269,91.0714,2016-18
23218,71.2475,4.1033,29.8167,28.5714,2016-18
23219,69.7667,3.9249,29.1446,19.6429,2016-18
23222,75.4724,3.4057,31.2656,76.7857,2016-18
23223,77.0910,2.1253,31.6996,91.0714,2016-18
23224,75.8097,3.2139,31.3687,78.5714,2016-18
23225,70.3121,3.9643,29.3701,28.5714,2016-18
23228,75.3037,3.2785,31.1628,76.7857,2016-18
23229,75.7942,3.2829,31.3703,76.7857,2016-18
23230,75.7102,3.1993,31.3174,80.3571,2016-18
23231,70.7676,3.9896,29.5496,30.3571,2016-18
23234,75.0653,3.0825,31.0432,82.1429,2016-18
23235,75.6830,3.2409,31.3105,78.5714,2016-18
23236,75.5516,3.1606,31.2417,80.3571,2016-18
23237,70.8760,3.9972,29.5822,32.1429,2016-18
23240,74.6520,2.7815,30.8646,87.5000,2016-18
23241,75.5364,3.2000,31.2398,80.3571,2016-18
23242,75.4245,3.1406,31.1824,82.1429,2016-18
23243,74.9473,2.8031,30.9665,100.0000,2016-18
23246,70.7303,4.0358,29.4816,28.5714,2016-18
23247,75.2691,3.2463,31.1384,82.1429,2016-18
23248,75.2577,3.1604,31.1172,82.1429,2016-18
23249,74.8512,2.8442,30.9331,100.0000,2016-18
23252,70.5775,4.0263,29.4135,28.5714,2016-18
23253,74.8527,3.3281,30.9844,80.3571,2016-18
23254,75.0114,3.1710,31.0209,82.1429,2016-18
23255,72.0053,3.7219,29.9330,37.5000,2016-18
23258,70.4171,4.0155,29.3411,28.5714,2016-18
23259,74.2211,3.4364,30.7486,75.0000,2016-18
23260,74.6049,3.2463,30.8673,76.7857,2016-18
23261,71.7382,3.7204,29.8200,37.5000,2016-18
23264,73.1542,3.5132,30.3273,69.6429,2016-18
23265,74.0571,3.3858,30.6670,76.7857,2016-18
23266,74.3986,3.2661,30.7848,76.7857,2016-18
23267,74.4738,3.3456,30.8097,64.2857,2016-18
23270,72.8310,3.4621,30.1853,71.4286,2016-18
23271,73.5340,3.4728,30.4662,73.2143,2016-18
23272,73.7124,3.4185,30.5168,71.4286,2016-18
23275,72.3590,3.5017,29.9902,66.0714,2016-18
23276,72.6600,3.6169,30.1342,64.2857,2016-18
23277,72.7956,3.5402,30.1634,66.0714,2016-18
23280,72.0549,3.5740,29.8702,64.2857,2016-18
23281,72.3712,3.6320,30.0033,64.2857,2016-18
23282,72.1300,3.6354,29.8962,66.0714,2016-18
23285,72.4165,3.4887,30.0107,71.4286,2016-18
23286,72.1457,3.6239,29.8907,67.8571,2016-18
23287,72.0020,3.6034,29.8139,67.8571,2016-18
23290,71.9892,3.5585,29.8281,71.4286,2016-18
23291,72.7818,2.8413,29.8555,80.3571,2016-18
23292,72.1431,3.4738,29.7985,73.2143,2016-18
23295,70.3284,3.6782,29.1018,64.2857,2016-18
23296,72.8560,2.7426,29.8587,80.3571,2016-18
23297,71.9676,3.4729,29.6972,69.6429,2016-18
23300,71.3736,3.5128,29.4622,71.4286,2016-18
23301,72.8611,2.6843,29.8544,85.7143,2016-18
23302,72.0530,3.2968,29.6415,73.2143,2016-18
23305,71.2147,3.5583,29.3755,69.6429,2016-18
23306,72.5820,2.9053,29.8070,89.2857,2016-18
23307,72.0732,3.3133,29.6735,75.0000,2016-18
23310,71.3158,3.4714,29.3813,76.7857,2016-18
23311,72.0788,3.2287,29.6694,80.3571,2016-18
23312,71.6918,3.3200,29.4440,75.0000,2016-18
23315,71.3767,3.3652,29.3650,76.7857,2016-18
23316,71.6010,3.3759,29.4503,78.5714,2016-18
23317,71.7813,3.0025,29.3997,91.0714,2016-18
23320,71.4695,3.2781,29.3385,78.5714,2016-18
23321,73.4664,2.4152,29.8524,91.0714,2016-18
23322,72.1231,2.8506,29.4756,96.4286,2016-18
23325,73.5855,2.4157,29.8706,94.6429,2016-18
23326,73.4053,2.5328,29.8384,94.6429,2016-18
23327,72.2297,3.0512,29.5280,100.0000,2016-18
23330,73.6095,2.4361,29.8800,91.0714,2016-18
23331,73.9915,1.8267,29.9395,96.4286,2016-18
23332,73.4831,2.6935,29.9072,96.4286,2016-18
23333,73.6753,3.2606,30.0433,100.0000,2016-18
23336,72.1962,3.0592,29.4981,80.3571,2016-18
23337,74.0828,1.7618,29.9560,96.4286,2016-18
23338,72.3826,3.0264,29.5544,83.9286,2016-18
23339,68.7966,3.8398,28.3373,35.7143,2016-18
23342,72.4894,2.9481,29.5713,85.7143,2016-18
23343,73.7846,2.1941,29.8993,96.4286,2016-18
23344,68.8128,3.7735,28.3604,58.9286,2016-18
23345,65.9008,3.9257,27.2989,50.0000,2016-18
23348,69.2282,3.6108,28.4733,60.7143,2016-18
23349,72.4587,2.9426,29.5545,89.2857,2016-18
23350,68.4864,3.7558,28.2249,58.9286,2016-18
23351,67.6472,3.6599,27.8685,57.1429,2016-18
23354,71.8188,3.3040,29.3552,76.7857,2016-18
23355,72.0952,3.1011,29.4285,82.1429,2016-18
23356,71.9079,3.1754,29.3583,91.0714,2016-18
23357,67.8362,3.6739,27.9333,60.7143,2016-18
23360,71.5769,3.3319,29.2677,83.9286,2016-18
23361,71.8189,3.1882,29.3294,85.7143,2016-18
23362,71.8468,3.1325,29.3211,96.4286,2016-18
23363,71.7916,2.8882,29.2517,100.0000,2016-18
23366,71.5551,3.1997,29.2350,98.2143,2016-18
23367,73.5390,2.0174,29.7313,98.2143,2016-18
23368,73.6563,1.9635,29.7403,100.0000,2016-18
23369,72.3639,2.6344,29.3534,100.0000,2016-18
23372,71.5439,3.0344,29.1970,100.0000,2016-18
23373,73.5463,2.2869,29.7808,98.2143,2016-18
23374,73.5985,2.1254,29.7418,100.0000,2016-18
23375,72.6983,2.6173,29.4352,100.0000,2016-18
23378,67.2600,3.8497,27.7501,58.9286,2016-18
23379,71.9191,2.9794,29.2869,100.0000,2016-18
23380,73.8084,2.0597,29.7661,100.0000,2016-18
23381,74.1380,1.7739,29.8408,100.0000,2016-18
23384,66.6384,3.8662,27.5174,60.7143,2016-18
23385,71.9357,2.8936,29.2793,100.0000,2016-18
23386,74.0504,1.9321,29.8210,100.0000,2016-18
23387,74.1234,1.8362,29.8380,100.0000,2016-18
23390,66.6484,3.8168,27.5069,66.0714,2016-18
23391,71.9354,2.7932,29.2631,100.0000,2016-18
23392,74.5309,1.5186,29.9461,100.0000,2016-18
23393,72.9028,2.5640,29.4904,100.0000,2016-18
23396,64.4536,3.9514,26.7257,60.7143,2016-18
23397,66.9590,3.7612,27.6064,67.8571,2016-18
23398,73.0840,2.3320,29.5415,100.0000,2016-18
23399,73.0921,2.6485,29.5946,100.0000,2016-18
23402,63.0263,4.0128,26.2275,48.2143,2016-18
23403,66.1072,3.8172,27.2992,60.7143,2016-18
23404,72.8530,2.3965,29.4794,100.0000,2016-18
23405,67.7528,3.6156,27.8319,76.7857,2016-18
23408,64.6900,3.8730,26.7936,57.1429,2016-18
23409,71.8562,2.7217,29.1525,96.4286,2016-18
23410,72.0325,2.7846,29.2394,98.2143,2016-18
23411,67.4997,3.6022,27.7263,76.7857,2016-18
23414,71.3395,2.7872,28.9636,98.2143,2016-18
23415,73.7240,1.8578,29.5702,100.0000,2016-18
23416,73.7956,1.8009,29.5773,100.0000,2016-18
23417,71.4568,2.4610,28.9301,98.2143,2016-18
23420,71.3253,2.7812,28.9518,98.2143,2016-18
23421,73.5752,2.0028,29.5256,100.0000,2016-18
23422,73.6629,1.9138,29.5443,100.0000,2016-18
23423,71.4874,2.5645,28.9636,98.2143,2016-18
23426,74.2520,1.6622,29.6986,100.0000,2016-18
23427,74.0044,1.7767,29.6340,100.0000,2016-18
23428,71.9602,2.5538,29.1128,98.2143,2016-18
23429,66.1519,3.7107,27.2272,66.0714,2016-18
23432,74.3326,1.6827,29.7227,100.0000,2016-18
23433,74.2129,1.7053,29.6898,100.0000,2016-18
23434,65.1433,3.7802,26.9030,60.7143,2016-18
23435,65.7629,3.7120,27.0947,62.5000,2016-18
23438,74.5006,1.6039,29.7728,100.0000,2016-18
23439,74.4783,1.6658,29.7641,100.0000,2016-18
23440,65.3562,3.7159,26.9656,60.7143,2016-18
23441,65.6709,3.6805,27.0556,60.7143,2016-18
23445,73.0239,2.3620,29.4128,100.0000,2016-18
23446,73.0797,2.2405,29.4023,100.0000,2016-18
23447,64.9460,3.7019,26.8090,58.9286,2016-18
23448,64.9465,3.6733,26.7940,58.9286,2016-18
23453,67.3750,3.5030,27.6252,66.0714,2016-18
23454,67.5552,3.3577,27.6674,69.6429,2016-18
23455,65.7393,3.5786,27.0640,62.5000,2016-18
23456,65.2380,3.5560,26.8688,62.5000,2016-18
23462,63.2343,3.8470,26.2264,51.7857,2016-18
23463,66.1006,3.4935,27.1731,62.5000,2016-18
23464,71.5460,2.9112,28.9800,83.9286,2016-18
23465,65.9756,3.3272,27.0754,62.5000,2016-18
23474,61.9769,3.9257,25.7941,50.0000,2016-18
23475,70.2593,2.9547,28.5333,82.1429,2016-18
23476,70.9984,2.9162,28.7833,83.9286,2016-18
23477,65.9919,3.2164,27.0487,62.5000,2016-18
23487,62.8123,3.7947,26.0585,53.5714,2016-18
23488,70.1021,2.8813,28.4564,83.9286,2016-18
23489,70.6722,2.8904,28.6574,87.5000,2016-18
23490,65.4461,3.2863,26.8599,62.5000,2016-18
23505,62.4828,3.7755,25.9336,57.1429,2016-18
23506,70.0387,2.8117,28.4189,85.7143,2016-18
23507,70.3356,2.8774,28.5282,87.5000,2016-18
23508,64.8841,3.4086,26.6789,60.7143,2016-18
23528,61.7698,3.7902,25.6785,57.1429,2016-18
23529,69.7943,2.7684,28.3176,89.2857,2016-18
23530,69.8659,2.8670,28.3516,87.5000,2016-18
23531,64.6896,3.4007,26.6016,57.1429,2016-18
23559,63.0450,3.6323,26.0825,62.5000,2016-18
23560,69.5102,2.6853,28.2004,91.0714,2016-18
23561,69.6260,2.7441,28.2459,89.2857,2016-18
23562,64.6376,3.2643,26.5441,57.1429,2016-18
23594,63.2989,3.5255,26.1389,62.5000,2016-18
23595,69.1363,2.6585,28.0598,91.0714,2016-18
23596,69.2755,2.6066,28.1008,92.8571,2016-18
23597,64.2846,3.3434,26.4261,62.5000,2016-18
23633,62.4938,3.5521,25.8456,58.9286,2016-18
23634,68.9880,2.5445,27.9881,91.0714,2016-18
23635,71.8047,1.2136,28.7776,98.2143,2016-18
23636,69.4914,2.2533,28.1299,92.8571,2016-18
23671,62.9479,3.4289,25.9746,60.7143,2016-18
23672,69.1364,2.3636,28.0120,92.8571,2016-18
23673,72.2996,0.8719,28.8965,98.2143,2016-18
23674,69.3174,2.3033,28.0601,92.8571,2016-18
23712,63.3565,3.3752,26.1007,60.7143,2016-18
23713,68.9422,2.3618,27.9411,92.8571,2016-18
23714,69.4397,2.1589,28.0814,92.8571,2016-18
23715,69.4512,2.0306,28.0844,92.8571,2016-18
23750,68.3142,2.3396,27.7146,92.8571,2016-18
23751,68.2596,2.5224,27.7104,91.0714,2016-18
23752,68.8360,2.3326,27.8863,92.8571,2016-18
23753,61.7448,3.5560,25.5205,58.9286,2016-18
23792,68.5125,2.1620,27.7668,92.8571,2016-18
23793,68.1800,2.4886,27.6711,91.0714,2016-18
23794,67.8134,2.5975,27.5483,92.8571,2016-18
23795,62.4828,3.5567,25.7873,60.7143,2016-18
23841,68.7323,2.0361,27.8260,94.6429,2016-18
23842,69.9861,1.8278,28.2735,96.4286,2016-18
23843,69.8270,1.9589,28.2184,96.4286,2016-18
23844,67.4399,2.7236,27.4117,91.0714,2016-18
23893,68.9510,2.0333,27.9078,94.6429,2016-18
23894,70.1600,1.6761,28.4131,100.0000,2016-18
23895,70.4694,0.8644,28.9175,100.0000,2016-18
23896,67.5368,2.6563,27.4353,91.0714,2016-18
23947,62.3176,3.4865,25.7013,62.5000,2016-18
23948,70.2803,1.5634,28.5055,100.0000,2016-18
23949,70.1648,1.0634,28.9325,100.0000,2016-18
23950,70.3223,1.4191,28.6139,100.0000,2016-18
24006,61.4755,3.5638,25.4116,55.3571,2016-18
24007,70.2403,1.5040,28.5881,100.0000,2016-18
24008,69.8693,1.1307,28.9546,100.0000,2016-18
24009,70.2445,1.4386,28.6424,100.0000,2016-18
24048,62.1916,3.4713,25.6296,58.9286,2016-18
24049,69.6803,1.1610,28.9778,100.0000,2016-18
24050,69.7582,1.1571,28.9822,100.0000,2016-18
24051,69.8289,1.1453,29.0020,100.0000,2016-18
24083,62.9059,3.3866,25.8464,62.5000,2016-18
24084,69.4876,1.1925,28.9597,100.0000,2016-18
24085,69.5061,1.2061,28.9644,100.0000,2016-18
24086,69.2471,1.5542,28.6435,100.0000,2016-18
24109,63.1885,3.3466,25.9281,60.7143,2016-18
24110,69.0990,1.4939,28.7345,100.0000,2016-18
24111,68.9948,1.2085,28.9575,100.0000,2016-18
24112,68.1785,2.2952,27.6674,91.0714,2016-18
24129,63.2841,3.3161,25.9496,64.2857,2016-18
24130,68.6302,1.4994,28.7582,100.0000,2016-18
24131,67.8923,1.5392,28.7956,100.0000,2016-18
24132,62.8248,3.4227,25.7835,62.5000,2016-18
24149,62.8004,3.3342,25.7818,62.5000,2016-18
24150,68.4263,1.4796,28.7813,100.0000,2016-18
24151,67.3491,0.8833,29.1588,100.0000,2016-18
24152,68.2247,2.1995,27.8656,94.6429,2016-18
24167,62.9944,3.2981,25.8307,64.2857,2016-18
24168,68.1261,1.4790,28.8073,100.0000,2016-18
24169,67.0657,0.9301,29.1384,100.0000,2016-18
24170,67.5221,1.3740,28.8941,100.0000,2016-18
24178,62.2417,3.3473,25.5725,67.8571,2016-18
24179,67.7578,1.5564,28.8223,100.0000,2016-18
24180,66.4774,1.0738,29.1560,100.0000,2016-18
24181,68.0070,2.0740,28.0306,98.2143,2016-18
24185,62.6959,3.2907,25.7031,69.6429,2016-18
24186,65.6749,1.1897,29.2498,100.0000,2016-18
24187,65.6445,1.2559,29.1689,100.0000,2016-18
24188,64.1189,3.0961,26.1021,71.4286,2016-18
24192,67.9632,2.1426,27.9770,98.2143,2016-18
24193,65.5039,1.4811,29.1565,100.0000,2016-18
24194,65.4491,1.4729,29.1466,100.0000,2016-18
24195,62.9609,3.0115,25.6767,67.8571,2016-18
24201,67.8870,2.1596,27.9865,96.4286,2016-18
24202,65.4106,1.6287,29.1141,100.0000,2016-18
24203,65.3612,1.6006,29.1168,100.0000,2016-18
24204,64.1778,2.8283,26.0574,73.2143,2016-18
24212,67.9030,2.1227,28.0163,96.4286,2016-18
24213,65.3460,1.7096,29.0891,100.0000,2016-18
24214,65.9960,1.9083,28.8007,100.0000,2016-18
24215,64.3834,2.9182,26.1374,71.4286,2016-18
24226,67.8466,2.1172,28.0064,96.4286,2016-18
24227,66.0523,2.0544,28.6759,100.0000,2016-18
24228,65.6336,2.0177,28.7349,100.0000,2016-18
24229,64.1806,2.9543,26.0507,69.6429,2016-18
24242,67.6951,2.1642,27.9057,96.4286,2016-18
24243,57.2655,2.0405,29.2737,100.0000,2016-18
24244,64.1020,2.0585,28.8339,100.0000,2016-18
24245,64.1034,2.8772,26.0080,71.4286,2016-18
24260,63.6641,2.2356,28.8194,98.2143,2016-18
24261,57.3797,2.1800,29.2802,100.0000,2016-18
24262,66.9051,2.1412,28.1343,96.4286,2016-18
24263,63.9678,2.8160,25.9534,69.6429,2016-18
24280,62.7908,2.3182,28.8501,98.2143,2016-18
24281,56.4566,2.3954,29.2416,100.0000,2016-18
24282,67.1559,2.1208,28.1018,96.4286,2016-18
24283,64.1958,2.7106,26.0363,73.2143,2016-18
24300,62.3642,2.3749,28.8501,98.2143,2016-18
24301,56.3254,2.5942,29.2297,100.0000,2016-18
24302,62.7945,2.2036,28.9120,98.2143,2016-18
24303,64.0029,2.7066,25.9917,71.4286,2016-18
24321,56.8617,2.6746,29.2137,100.0000,2016-18
24322,55.7381,2.7144,29.2260,100.0000,2016-18
24323,61.7344,2.4082,28.8677,96.4286,2016-18
24324,64.2212,2.6415,26.0916,69.6429,2016-18
24343,55.5090,2.7404,29.2288,100.0000,2016-18
24344,55.5986,2.7358,29.2271,100.0000,2016-18
24345,63.3210,2.3869,28.7438,91.0714,2016-18
24346,64.4239,2.6764,26.1966,73.2143,2016-18
24357,55.5253,2.7646,29.2351,100.0000,2016-18
24358,55.4476,2.7482,29.2312,100.0000,2016-18
24359,59.8392,2.6335,28.8912,78.5714,2016-18
24360,64.4755,2.6582,26.2499,69.6429,2016-18
24367,59.5188,2.7028,28.8201,73.2143,2016-18
24368,56.1663,2.6569,29.2064,100.0000,2016-18
24369,54.6694,3.0890,28.9582,58.9286,2016-18
24370,65.5146,2.2386,27.9800,91.0714,2016-18
24378,64.4802,2.8980,26.1229,69.6429,2016-18
24379,56.3608,2.9901,28.9385,23.2143,2016-18
24380,9.2003,7.9738,30.0071,0.0000,2016-18
24381,41.4688,4.4272,29.2607,10.7143,2016-18
24390,64.3662,2.8837,26.0653,67.8571,2016-18
24391,64.5996,2.4614,27.8804,83.9286,2016-18
24392,8.1033,8.2738,29.9899,0.0000,2016-18
24393,38.6776,4.7816,29.3168,7.1429,2016-18
24405,64.3843,2.8523,26.0652,71.4286,2016-18
24406,40.2529,4.6807,29.2529,1.7857,2016-18
24407,0.3783,9.4558,30.0095,0.0000,2016-18
24408,7.9388,8.2605,29.9885,0.0000,2016-18
24420,64.1897,2.8441,25.9964,69.6429,2016-18
24421,11.4811,7.8269,29.9848,0.0000,2016-18
24422,0.2100,9.5991,30.0071,0.0000,2016-18
24423,6.6707,8.4606,30.0004,0.0000,2016-18
24432,62.5116,2.9922,25.4568,66.0714,2016-18
24433,37.3395,4.9789,29.3094,0.0000,2016-18
24434,0.9543,9.0574,30.0346,0.0000,2016-18
24435,9.9913,7.8538,29.9879,0.0000,2016-18
24442,58.8657,2.9989,28.0526,50.0000,2016-18
24443,10.4894,7.3867,30.0407,0.0000,2016-18
24444,3.5494,8.0116,30.1074,0.0000,2016-18
24445,35.0080,4.9887,29.3462,19.6429,2016-18
24451,39.0440,4.5461,29.2632,3.5714,2016-18
24452,6.5264,7.2818,30.1570,0.0000,2016-18
24453,7.8743,7.2073,30.1611,0.0000,2016-18
24454,37.6747,4.5983,29.3020,30.3571,2016-18
24461,61.1355,3.0457,25.8602,60.7143,2016-18
24462,37.2067,4.9061,29.2915,0.0000,2016-18
24463,11.3023,6.9704,30.1707,0.0000,2016-18
24464,28.4304,5.2820,29.9065,0.0000,2016-18
24472,55.3943,3.0858,27.9616,67.8571,2016-18
24473,37.3576,4.7949,29.3192,5.3571,2016-18
24474,20.1389,6.3911,29.9526,0.0000,2016-18
24475,39.7728,4.4830,29.2992,12.5000,2016-18
24484,54.5676,3.1325,28.0403,69.6429,2016-18
24485,37.7012,4.6945,29.3444,7.1429,2016-18
24486,19.6407,6.3732,29.9771,0.0000,2016-18
24487,42.2084,4.2287,29.2513,25.0000,2016-18
24495,55.0699,3.2211,28.0379,69.6429,2016-18
24496,38.2060,4.6114,29.3509,19.6429,2016-18
24497,19.6437,6.2488,29.9990,0.0000,2016-18
24498,45.0823,3.9695,29.2053,32.1429,2016-18
24510,55.5580,3.1409,28.0322,66.0714,2016-18
24511,38.5642,4.5399,29.3594,21.4286,2016-18
24512,21.6965,5.7432,30.0239,1.7857,2016-18
24513,24.0785,5.2463,30.0318,5.3571,2016-18
24528,60.5402,3.0964,26.2504,58.9286,2016-18
24529,39.1653,4.4521,29.3683,28.5714,2016-18
24530,18.3557,4.8844,30.2034,19.6429,2016-18
24531,19.1826,4.6630,30.2058,28.5714,2016-18
24544,60.4143,3.1079,26.0865,58.9286,2016-18
24545,40.1984,4.3064,29.3896,35.7143,2016-18
24546,17.4869,5.1194,30.2130,12.5000,2016-18
24547,26.6450,5.1020,29.9780,12.5000,2016-18
24557,35.2681,4.1142,29.9876,76.7857,2016-18
24558,34.4558,4.2499,29.9885,69.6429,2016-18
24559,27.3903,5.0055,29.9994,35.7143,2016-18
24560,54.7436,3.4123,28.2493,58.9286,2016-18
24574,42.3662,3.4143,29.9993,89.2857,2016-18
24575,39.2874,3.7127,29.9919,80.3571,2016-18
24576,53.9911,3.4648,28.2311,57.1429,2016-18
24577,58.7881,3.2483,25.4789,53.5714,2016-18
24593,44.8359,3.1600,30.0415,92.8571,2016-18
24594,42.5710,3.3385,30.0149,89.2857,2016-18
24595,53.7898,3.4529,28.2474,57.1429,2016-18
24596,58.4607,3.2557,25.4118,55.3571,2016-18
24609,45.6234,3.1127,30.1133,98.2143,2016-18
24610,45.0610,3.0812,30.0684,98.2143,2016-18
24611,49.1058,3.2621,29.5687,100.0000,2016-18
24612,57.8768,3.2605,25.4815,55.3571,2016-18
24628,45.7775,3.1273,30.1882,100.0000,2016-18
24629,46.3787,2.8308,30.1329,100.0000,2016-18
24630,49.5472,3.3367,29.5456,94.6429,2016-18
24631,57.1042,3.3026,25.7648,57.1429,2016-18
24648,45.9700,3.0452,30.2642,100.0000,2016-18
24649,47.4743,2.5269,30.1858,100.0000,2016-18
24650,52.6695,3.4266,28.4632,58.9286,2016-18
24651,56.3145,3.3244,25.8475,57.1429,2016-18
24669,46.4121,3.1677,29.7044,96.4286,2016-18
24670,49.1033,2.1125,30.1658,100.0000,2016-18
24671,52.4200,3.3880,28.4688,62.5000,2016-18
24672,55.4488,3.3348,25.7640,53.5714,2016-18
24687,47.7735,2.9375,29.6895,100.0000,2016-18
24688,50.0100,2.1013,30.1635,100.0000,2016-18
24689,52.0859,3.3532,28.4909,66.0714,2016-18
24690,52.5080,3.5226,24.7829,33.9286,2016-18
24706,49.8555,2.7550,29.6535,100.0000,2016-18
24707,50.0110,2.1834,30.1837,100.0000,2016-18
24708,51.7562,3.3060,28.5726,69.6429,2016-18
24709,53.0056,3.4433,25.2311,46.4286,2016-18
24723,51.2799,2.8270,29.6618,100.0000,2016-18
24724,51.4308,2.6256,29.7203,100.0000,2016-18
24725,51.6741,3.2283,28.6634,78.5714,2016-18
24726,53.5692,3.4428,25.8102,46.4286,2016-18
24740,51.3357,3.2384,28.7662,76.7857,2016-18
24741,51.8622,2.6114,29.9455,100.0000,2016-18
24742,51.7205,3.1521,28.6634,80.3571,2016-18
24743,53.3621,3.4762,25.8459,46.4286,2016-18
24756,51.5555,3.0837,28.6939,85.7143,2016-18
24757,51.7656,3.0282,28.8121,89.2857,2016-18
24758,51.9919,3.0694,28.5060,80.3571,2016-18
24759,53.0395,3.5022,25.8049,46.4286,2016-18
24772,52.7711,3.4928,25.9587,50.0000,2016-18
24773,52.8638,3.4665,26.1586,48.2143,2016-18
24774,52.2317,3.0208,28.2610,80.3571,2016-18
24775,53.0615,2.9431,27.8836,78.5714,2016-18
24788,52.2826,3.5212,25.7356,50.0000,2016-18
24789,52.7445,3.4887,25.9748,46.4286,2016-18
24790,52.5340,3.0840,27.6199,66.0714,2016-18
24791,52.9392,2.9805,27.7033,75.0000,2016-18
24805,55.4978,2.9413,27.2829,78.5714,2016-18
24806,53.8804,3.0757,27.2038,69.6429,2016-18
24807,53.0977,3.0191,27.4830,73.2143,2016-18
24808,53.3779,2.9595,27.5609,78.5714,2016-18
24822,54.7388,2.8822,27.1537,82.1429,2016-18
24823,53.8945,3.0118,27.1982,75.0000,2016-18
24824,54.9820,1.7674,27.8395,100.0000,2016-18
24825,53.8827,2.9364,27.3310,80.3571,2016-18
24838,54.7039,2.7989,27.0670,82.1429,2016-18
24839,54.0505,2.9094,27.1557,78.5714,2016-18
24840,55.3007,1.3303,27.8384,100.0000,2016-18
24841,54.7081,2.8419,27.1397,85.7143,2016-18
24849,54.5418,2.8600,26.8961,80.3571,2016-18
24850,54.1139,2.8193,27.0853,80.3571,2016-18
24851,54.1232,2.7223,27.1628,80.3571,2016-18
24852,51.3077,3.5887,25.2178,48.2143,2016-18
24862,54.0404,2.9490,26.6583,75.0000,2016-18
24863,55.2338,2.4017,27.3233,94.6429,2016-18
24864,54.1690,2.6657,27.0137,83.9286,2016-18
24865,50.3697,3.4885,24.8576,39.2857,2016-18
24874,53.9243,2.9366,26.5887,75.0000,2016-18
24875,55.3047,2.3005,27.2728,100.0000,2016-18
24876,53.9918,2.6532,26.8328,82.1429,2016-18
24877,49.4473,3.5034,24.4644,42.8571,2016-18
24888,53.8484,2.9140,26.5276,76.7857,2016-18
24889,55.3968,2.2532,27.2341,100.0000,2016-18
24890,53.5681,2.8351,26.4397,82.1429,2016-18
24891,49.7358,3.6231,24.6028,44.6429,2016-18
24904,55.5415,2.2797,27.0868,100.0000,2016-18
24905,58.2884,1.5217,27.7437,100.0000,2016-18
24906,55.8217,2.1621,27.2087,100.0000,2016-18
24907,53.9172,2.8310,26.3739,82.1429,2016-18
24921,55.7951,2.2145,27.1404,100.0000,2016-18
24922,59.3416,1.2079,27.8514,100.0000,2016-18
24923,58.1182,1.6500,27.7251,100.0000,2016-18
24924,54.0293,2.7691,26.3736,82.1429,2016-18
24937,56.3754,2.0739,27.2685,100.0000,2016-18
24938,59.4171,1.1566,27.8461,100.0000,2016-18
24939,59.1945,1.2527,27.8299,100.0000,2016-18
24940,57.3070,1.8266,27.4949,100.0000,2016-18
24951,54.4166,2.6235,26.5560,87.5000,2016-18
24952,58.7562,1.4281,27.8007,100.0000,2016-18
24953,57.0474,1.9295,27.3997,100.0000,2016-18
24965,49.1721,3.6546,24.2968,50.0000,2016-18
24966,56.8231,1.9889,27.3348,100.0000,2016-18
24967,57.1549,1.8739,27.4191,100.0000,2016-18
24979,48.3429,3.7149,23.9064,50.0000,2016-18
24980,57.0263,1.8965,27.3659,100.0000,2016-18
24981,57.2840,1.8048,27.4350,100.0000,2016-18
24992,47.5709,3.7757,23.5524,50.0000,2016-18
24993,57.3058,1.8141,27.3943,100.0000,2016-18
24994,57.6944,1.7171,27.4310,100.0000,2016-18
25004,48.2702,3.6701,23.8468,51.7857,2016-18
25005,57.4731,1.7779,27.3902,100.0000,2016-18
25006,57.9657,1.6809,27.3903,100.0000,2016-18
25014,49.0737,3.5652,24.1889,51.7857,2016-18
25015,57.6106,1.7413,27.3905,100.0000,2016-18
25016,57.9597,1.6912,27.3413,100.0000,2016-18
25023,55.5723,2.3694,26.7636,91.0714,2016-18
25024,59.2029,1.2312,27.5941,100.0000,2016-18
25025,58.0041,1.6614,27.3628,100.0000,2016-18
25032,55.5940,2.3642,26.7501,94.6429,2016-18
25033,59.0807,1.2952,27.6002,100.0000,2016-18
25034,57.9116,1.6955,27.3355,100.0000,2016-18
25040,55.7407,2.3160,26.7678,98.2143,2016-18
25041,57.8565,1.7055,27.3562,100.0000,2016-18
25042,57.9074,1.6662,27.3459,100.0000,2016-18
25048,55.7631,2.2977,26.7473,98.2143,2016-18
25049,57.9487,1.6796,27.4091,100.0000,2016-18
25050,55.8689,2.3318,26.7376,89.2857,2016-18
25056,55.5649,2.3219,26.6651,100.0000,2016-18
25057,55.7319,2.3554,26.7055,98.2143,2016-18
25058,55.7259,2.3369,26.6718,96.4286,2016-18
25064,55.1529,2.4063,26.5015,100.0000,2016-18
25065,58.2401,1.6135,27.5428,100.0000,2016-18
25066,55.3613,2.3999,26.5317,96.4286,2016-18
25072,54.7974,2.4884,26.3534,98.2143,2016-18
25073,58.0978,1.6832,27.4935,100.0000,2016-18
25074,57.8351,1.7014,27.4258,100.0000,2016-18
25080,58.5347,1.5738,27.6007,100.0000,2016-18
25081,106.9300,0.0012,32.8212,100.0000,2016-18
25082,57.6296,1.7951,27.3656,100.0000,2016-18
25088,58.7198,1.5426,27.6353,100.0000,2016-18
25089,58.5975,1.5849,27.6044,100.0000,2016-18
25090,54.8140,2.4990,26.3317,96.4286,2016-18
25096,58.4071,1.6399,27.5330,100.0000,2016-18
25097,58.5161,1.5761,27.5647,100.0000,2016-18
25098,49.0888,3.5115,23.9610,55.3571,2016-18
25104,58.6562,1.5791,27.5991,100.0000,2016-18
25105,55.4372,2.4057,26.5534,98.2143,2016-18
25106,48.7699,3.5362,23.8270,55.3571,2016-18
25112,58.9442,1.5044,27.6967,100.0000,2016-18
25113,59.0075,1.4696,27.7149,100.0000,2016-18
25114,48.8019,3.5133,23.8435,55.3571,2016-18
25120,58.9046,1.5360,27.6958,100.0000,2016-18
25121,59.0373,1.5115,27.7414,100.0000,2016-18
25122,48.7709,3.5031,23.8358,55.3571,2016-18
25128,58.6612,1.6292,27.6454,100.0000,2016-18
25129,58.9097,1.5738,27.7346,100.0000,2016-18
25130,48.7398,3.4928,23.8208,58.9286,2016-18
25136,59.0976,1.3868,27.7392,100.0000,2016-18
25137,58.9929,1.5473,27.7907,100.0000,2016-18
25138,48.6845,3.4758,23.7907,57.1429,2016-18
25143,55.9580,2.2706,26.6904,94.6429,2016-18
25144,56.1340,2.2238,26.7534,98.2143,2016-18
25145,47.0189,3.6152,23.1269,46.4286,2016-18
25150,55.8692,2.2786,26.6490,92.8571,2016-18
25151,56.0623,2.2184,26.7180,96.4286,2016-18
25152,47.7213,3.4966,23.3998,60.7143,2016-18
25155,55.9401,2.2180,26.6522,92.8571,2016-18
25156,56.0006,2.2044,26.6739,91.0714,2016-18
25157,48.3543,3.3992,23.6476,60.7143,2016-18
25160,56.1186,2.1149,26.6612,92.8571,2016-18
25161,59.0683,1.3750,27.7195,100.0000,2016-18
25162,48.5173,3.3654,23.7033,62.5000,2016-18
25165,56.2658,2.0514,26.6685,91.0714,2016-18
25166,59.2143,1.1860,27.6879,100.0000,2016-18
25167,48.5637,3.3514,23.7104,62.5000,2016-18
25170,56.2670,2.0237,26.6367,92.8571,2016-18
25171,56.1752,2.0902,26.6451,87.5000,2016-18
25172,48.5214,3.3424,23.6785,62.5000,2016-18
25175,56.2528,1.9933,26.6004,94.6429,2016-18
25176,56.2452,2.0351,26.6343,91.0714,2016-18
25177,48.5693,3.3109,23.6777,67.8571,2016-18
25180,56.2380,1.9525,26.5665,94.6429,2016-18
25181,56.2400,1.9896,26.5963,92.8571,2016-18
25182,48.6399,3.2658,23.6806,67.8571,2016-18
25185,56.1542,1.9028,26.5098,94.6429,2016-18
25186,55.8512,2.0436,26.4292,89.2857,2016-18
25187,48.4815,3.2596,23.5960,67.8571,2016-18
25190,55.6860,1.9747,26.3213,92.8571,2016-18
25191,55.3074,2.1295,26.2041,85.7143,2016-18
25192,48.2499,3.2721,23.4839,66.0714,2016-18
25195,55.1012,2.0804,26.0798,87.5000,2016-18
25196,54.8229,2.1959,25.9950,85.7143,2016-18
25197,48.1805,3.2517,23.4241,66.0714,2016-18
25200,54.7108,2.1718,25.9154,87.5000,2016-18
25201,54.7693,2.1380,25.9389,85.7143,2016-18
25202,48.0742,3.2145,23.3367,66.0714,2016-18
25205,54.2391,2.2634,25.7192,87.5000,2016-18
25206,54.4229,2.1371,25.7709,87.5000,2016-18
25207,47.1703,3.2547,22.9276,53.5714,2016-18
25210,53.6334,2.3597,25.4631,87.5000,2016-18
25211,53.5385,2.2805,25.3838,87.5000,2016-18
25212,47.2758,3.2277,22.9225,64.2857,2016-18
25215,53.4882,2.3356,25.3693,91.0714,2016-18
25216,56.7780,0.9576,26.2196,100.0000,2016-18
25217,53.1194,2.2116,25.0767,94.6429,2016-18
25220,53.4659,2.2641,25.3083,91.0714,2016-18
25221,57.2052,0.6886,26.2817,100.0000,2016-18
25222,53.3349,2.0505,25.0888,94.6429,2016-18
25228,53.4660,2.1867,25.2529,92.8571,2016-18
25229,57.1116,0.7317,26.2518,100.0000,2016-18
25230,53.5403,1.9516,25.1241,96.4286,2016-18
25236,53.4443,2.1210,25.1946,92.8571,2016-18
25237,57.2503,0.6427,26.2720,100.0000,2016-18
25238,53.5782,1.8785,25.0992,94.6429,2016-18
25247,53.1734,2.1440,25.0590,94.6429,2016-18
25248,53.7571,1.9348,25.1786,92.8571,2016-18
25249,53.4917,1.7863,25.0478,94.6429,2016-18
25260,52.7700,2.2117,24.8802,94.6429,2016-18
25261,53.5609,1.9550,25.0977,94.6429,2016-18
25262,47.4347,3.1279,22.6881,58.9286,2016-18
25273,52.6196,2.2236,24.8034,96.4286,2016-18
25274,53.3502,1.9726,25.0167,92.8571,2016-18
25275,46.0624,3.2381,22.0841,53.5714,2016-18
25286,52.5324,2.2205,24.7498,94.6429,2016-18
25287,53.2266,1.9674,24.9626,94.6429,2016-18
25288,45.6483,3.2271,21.8727,53.5714,2016-18
25301,101.1234,0.0003,31.6010,100.0000,2016-18
25302,52.8726,2.0473,24.8194,98.2143,2016-18
25303,45.6078,3.2414,21.8389,57.1429,2016-18
25321,52.7523,2.1482,24.7873,96.4286,2016-18
25322,52.9131,2.0167,24.8187,98.2143,2016-18
25323,46.0716,3.1674,22.0253,64.2857,2016-18
25343,52.3696,2.2294,24.6308,92.8571,2016-18
25344,52.4912,2.1162,24.6591,94.6429,2016-18
25345,45.9555,3.1335,21.9484,62.5000,2016-18
25367,54.0038,1.7775,25.2427,100.0000,2016-18
25368,51.8123,2.2930,24.3907,92.8571,2016-18
25369,46.2868,3.1301,22.0955,69.6429,2016-18
25392,53.6922,1.8806,25.1039,100.0000,2016-18
25393,53.6251,1.8524,25.0663,100.0000,2016-18
25394,46.4033,3.1711,22.1503,69.6429,2016-18
25419,53.7544,1.8564,25.1214,100.0000,2016-18
25420,55.1202,1.3561,25.6223,100.0000,2016-18
25421,51.4953,2.3687,24.2228,91.0714,2016-18
25447,51.7155,2.3673,24.3048,91.0714,2016-18
25448,55.0392,1.4574,25.5970,100.0000,2016-18
25449,53.2239,2.0192,24.8931,96.4286,2016-18
25476,51.6780,2.3579,24.2769,91.0714,2016-18
25477,53.5535,1.9297,25.0204,98.2143,2016-18
25478,53.0064,2.0736,24.7979,96.4286,2016-18
25505,51.4866,2.3826,24.1811,89.2857,2016-18
25506,54.5476,1.7621,25.3871,96.4286,2016-18
25507,54.4521,1.6783,25.3514,94.6429,2016-18
25538,51.1869,2.4645,24.0547,89.2857,2016-18
25539,56.8070,0.0218,25.5427,100.0000,2016-18
25540,54.3547,1.7537,25.3182,94.6429,2016-18
25569,51.1863,2.4593,24.0484,89.2857,2016-18
25570,53.5451,1.9755,24.9920,94.6429,2016-18
25571,53.2782,2.0285,24.8805,92.8571,2016-18
25598,51.1893,2.4397,24.0447,87.5000,2016-18
25599,53.5421,1.9631,24.9874,96.4286,2016-18
25600,53.3412,1.9637,24.8944,94.6429,2016-18
25613,51.1968,2.4282,24.0394,87.5000,2016-18
25614,53.4615,1.9533,24.9507,96.4286,2016-18
25615,52.9209,1.9834,24.7231,98.2143,2016-18
25629,51.0594,2.4462,23.9674,87.5000,2016-18
25630,53.5440,1.9364,24.9795,98.2143,2016-18
25631,50.7115,2.5497,23.8269,87.5000,2016-18
25643,50.2679,2.5863,23.6038,87.5000,2016-18
25644,53.5908,1.9160,24.9931,98.2143,2016-18
25645,47.6121,2.8750,22.3720,83.9286,2016-18
25652,50.5452,2.5170,23.6927,89.2857,2016-18
25653,53.6312,1.7452,24.9935,98.2143,2016-18
25654,46.2118,3.1393,21.7521,80.3571,2016-18
25658,50.3039,2.5134,23.5194,89.2857,2016-18
25659,50.6463,2.4320,23.6623,91.0714,2016-18
25660,46.2002,3.1243,21.7321,80.3571,2016-18
25664,50.1239,2.4314,23.3557,100.0000,2016-18
25665,50.3037,2.3598,23.3945,89.2857,2016-18
25666,46.1386,3.1116,21.6842,76.7857,2016-18
25670,50.5487,2.2870,23.4472,89.2857,2016-18
25671,50.2996,2.3353,23.3643,87.5000,2016-18
25672,44.4970,3.2903,21.0925,60.7143,2016-18
25676,51.7442,1.9918,23.8530,89.2857,2016-18
25677,47.0072,2.9602,21.9433,76.7857,2016-18
25678,45.3916,3.1555,21.3817,75.0000,2016-18
25682,91.7220,0.0004,31.2952,100.0000,2016-18
25683,50.2012,2.2653,23.1894,89.2857,2016-18
25684,45.4357,3.1187,21.3768,75.0000,2016-18
25688,52.0441,1.9220,24.0196,89.2857,2016-18
25689,46.6547,2.9738,21.7833,76.7857,2016-18
25690,45.6161,3.0447,21.4241,69.6429,2016-18
25694,44.2308,2.6219,23.2540,82.1429,2016-18
25695,41.1136,2.8528,23.2349,76.7857,2016-18
25696,46.1202,2.9697,21.7069,73.2143,2016-18
25700,39.4081,2.8232,23.5223,75.0000,2016-18
25701,39.6874,2.9135,23.4534,73.2143,2016-18
25702,39.3853,2.7140,23.4544,82.1429,2016-18
25706,39.6894,2.9761,23.4748,73.2143,2016-18
25707,40.5192,2.9402,23.3885,73.2143,2016-18
25708,44.7496,2.9623,21.8604,69.6429,2016-18
25712,39.0887,3.0724,23.5503,64.2857,2016-18
25713,39.5927,0.2454,24.5472,100.0000,2016-18
25714,39.9078,2.8678,23.4914,71.4286,2016-18
25718,38.5335,3.0032,23.7174,62.5000,2016-18
25719,36.9122,2.7477,24.6831,98.2143,2016-18
25723,37.6656,3.1968,23.7533,50.0000,2016-18
25724,36.4407,3.1858,24.6454,94.6429,2016-18
25728,37.0133,3.4571,23.8238,50.0000,2016-18
25729,37.0631,3.3822,23.7927,50.0000,2016-18
25733,31.9318,3.4094,25.4981,57.1429,2016-18
25734,42.5064,3.1904,21.4026,58.9286,2016-18
25738,31.7380,3.6195,25.4648,46.4286,2016-18
25739,35.8576,3.6892,24.0162,42.8571,2016-18
25743,31.5723,3.7650,25.4536,41.0714,2016-18
25744,31.3603,3.8721,25.6212,37.5000,2016-18
25748,33.1093,4.0154,24.5396,23.2143,2016-18
25749,31.1854,3.9545,25.6371,30.3571,2016-18
25753,30.9281,4.0792,25.6643,21.4286,2016-18
25754,31.0242,4.0167,25.6498,28.5714,2016-18
25758,31.2883,4.0809,25.6245,16.0714,2016-18
25759,32.8075,4.0150,24.5690,23.2143,2016-18
25763,31.3199,4.0947,25.6326,14.2857,2016-18
25764,40.1239,3.4237,21.8539,44.6429,2016-18
25768,31.1887,4.2612,24.9120,7.1429,2016-18
25769,29.6355,4.4183,25.3356,7.1429,2016-18
25773,30.9748,4.3206,25.0553,10.7143,2016-18
25774,22.0775,5.2681,27.0676,0.0000,2016-18
25778,38.6709,3.5947,21.6701,26.7857,2016-18
25779,21.8553,5.5134,27.0642,0.0000,2016-18
25783,37.3635,3.7432,21.7671,25.0000,2016-18
25784,21.6009,5.6895,27.0584,0.0000,2016-18
25788,20.3688,6.0895,26.0320,0.0000,2016-18
25789,21.0411,5.9435,27.0504,0.0000,2016-18
25793,19.1145,6.3809,26.2935,0.0000,2016-18
25794,20.0157,6.2468,26.2453,0.0000,2016-18
25798,18.8903,6.4884,26.3453,0.0000,2016-18
25799,20.1373,6.2795,26.3199,0.0000,2016-18
25803,2.0929,9.1843,29.8383,0.0000,2016-18
25804,2.0404,9.0929,29.8458,0.0000,2016-18
25808,2.2073,9.2429,29.8235,0.0000,2016-18
25809,2.1165,9.1466,29.8382,0.0000,2016-18
25813,0.0870,9.5380,30.0005,0.0000,2016-18
25814,2.1864,9.1618,29.8311,0.0000,2016-18
25818,0.0078,9.7174,30.0001,0.0000,2016-18
25819,1.9931,9.2689,29.8427,0.0000,2016-18
25823,4.2456,8.7378,29.6836,0.0000,2016-18
25824,2.2557,9.1003,29.8306,0.0000,2016-18
25827,17.0347,6.8191,26.8905,0.0000,2016-18
25828,17.6212,6.7385,26.7734,0.0000,2016-18
25831,14.4309,5.9163,29.1732,0.0000,2016-18
25832,14.3179,5.7960,29.2168,0.0000,2016-18
25835,14.1121,6.0496,29.1937,0.0000,2016-18
25836,13.7683,6.1680,29.1778,0.0000,2016-18
25839,14.8140,5.7597,29.1893,0.0000,2016-18
25840,18.7347,6.1787,26.8719,0.0000,2016-18
25843,33.7092,0.0000,30.0272,100.0000,2016-18
25844,30.6698,4.8205,21.4909,0.0000,2016-18
25847,16.4697,5.2007,29.1624,0.0000,2016-18
25848,30.0663,4.8918,21.1128,0.0000,2016-18
25851,19.3290,6.1608,26.8534,0.0000,2016-18
25852,27.6176,5.2013,19.5582,0.0000,2016-18
25855,21.8685,5.8696,25.8631,0.0000,2016-18
25856,21.8727,5.7993,25.8610,0.0000,2016-18
25860,21.8082,5.8499,25.8675,0.0000,2016-18
25861,21.7852,5.8480,25.8655,0.0000,2016-18
25865,21.8523,5.8281,25.8356,0.0000,2016-18
25866,21.7854,5.8160,25.8498,0.0000,2016-18
25870,21.8765,5.7841,25.8123,0.0000,2016-18
25871,22.1336,5.7556,25.6802,0.0000,2016-18
25875,27.8135,5.2264,21.0494,0.0000,2016-18
25876,23.5925,5.6118,24.8209,0.0000,2016-18
25880,25.0306,5.5567,18.8941,0.0000,2016-18
25881,24.1962,5.5524,24.1943,0.0000,2016-18
25885,24.9850,5.5456,19.0032,0.0000,2016-18
25886,23.6295,5.3947,25.2333,0.0000,2016-18
25890,24.1505,5.4544,23.8555,0.0000,2016-18
25891,23.7086,5.1129,25.0354,0.0000,2016-18
25895,24.1445,4.6492,24.8051,0.0000,2016-18
25896,23.7935,4.9413,24.9439,0.0000,2016-18
25900,24.0815,5.3183,23.9056,0.0000,2016-18
25901,24.2367,5.4727,23.8204,0.0000,2016-18
25905,23.9720,5.3021,23.8938,0.0000,2016-18
25906,24.0971,5.4354,23.7995,0.0000,2016-18
25910,23.8644,5.2726,23.9234,0.0000,2016-18
25911,23.9207,5.3878,23.7842,0.0000,2016-18
25915,85.8679,0.0002,29.6423,100.0000,2016-18
25916,23.7329,5.3128,23.7825,0.0000,2016-18
25920,23.8448,5.1098,24.1011,0.0000,2016-18
25921,23.7390,5.1929,23.7196,0.0000,2016-18
25925,24.3662,4.8748,24.0128,0.0000,2016-18
25926,24.1463,5.0284,23.5544,0.0000,2016-18
25930,26.8150,3.7780,25.6452,71.4286,2016-18
25931,27.0258,3.6098,25.6284,75.0000,2016-18
25935,25.6793,4.4678,23.9384,0.0000,2016-18
25936,25.6246,4.5475,23.8447,0.0000,2016-18
25940,23.4040,5.4784,20.4935,0.0000,2016-18
25941,23.1630,5.6141,20.0084,0.0000,2016-18
25946,22.8944,5.5370,20.0644,0.0000,2016-18
25947,22.9287,5.5865,19.9669,0.0000,2016-18
25952,23.5726,5.3152,20.8363,0.0000,2016-18
25953,23.3702,5.3059,20.5524,0.0000,2016-18
25958,23.1205,5.3800,20.4313,0.0000,2016-18
25959,23.4039,5.1882,20.4087,0.0000,2016-18
25966,26.4804,2.6131,21.1527,35.7143,2016-18
25967,26.1861,3.0591,21.1401,64.2857,2016-18
25974,26.3736,2.8608,21.1406,53.5714,2016-18
25975,25.9132,3.4717,21.1082,69.6429,2016-18
25982,26.3707,3.0121,21.1358,50.0000,2016-18
25983,25.8677,3.6491,21.0907,71.4286,2016-18
25990,26.4057,3.0430,21.1426,60.7143,2016-18
25991,25.9629,3.6557,21.1075,75.0000,2016-18
25998,26.4052,3.1526,21.1443,62.5000,2016-18
25999,25.9726,3.7589,21.1089,69.6429,2016-18
26005,26.4114,3.2796,21.1393,66.0714,2016-18
26006,26.0121,3.8379,21.0900,57.1429,2016-18
26012,26.4876,3.3965,21.1427,58.9286,2016-18
26013,26.2086,3.8748,21.0945,46.4286,2016-18
26019,26.6146,3.3409,21.1665,42.8571,2016-18
26020,26.2890,3.8954,21.0917,37.5000,2016-18
26026,26.5262,3.5475,21.1410,39.2857,2016-18
26027,26.1421,4.0923,21.0610,33.9286,2016-18
26033,26.6951,3.4425,21.1859,41.0714,2016-18
26034,25.0872,4.5462,20.4661,0.0000,2016-18
26040,26.7681,3.4967,21.2092,35.7143,2016-18
26041,22.6717,5.1939,18.5755,0.0000,2016-18
26047,26.6482,3.6145,21.1740,33.9286,2016-18
26048,21.4289,5.3510,17.5998,0.0000,2016-18
26054,25.2439,4.4212,20.5636,0.0000,2016-18
26055,25.4397,4.1602,20.4270,7.1429,2016-18
26061,25.2654,4.4449,20.5216,0.0000,2016-18
26062,25.4083,4.2599,20.4304,5.3571,2016-18
26068,25.2516,4.4739,20.4477,0.0000,2016-18
26069,25.4323,4.2446,20.3927,7.1429,2016-18
26075,25.2970,4.4560,20.4191,0.0000,2016-18
26076,25.4882,4.1863,20.3666,7.1429,2016-18
26081,25.3576,4.4098,20.3970,1.7857,2016-18
26082,25.5543,4.0827,20.3358,7.1429,2016-18
26085,25.4463,4.2996,20.3823,3.5714,2016-18
26086,25.6145,3.9827,20.2994,12.5000,2016-18
26089,25.5258,4.1766,20.3735,5.3571,2016-18
26090,25.6283,3.9733,20.2599,12.5000,2016-18
26095,25.5790,4.0804,20.3690,10.7143,2016-18
26096,25.6108,4.0369,20.2447,10.7143,2016-18
26103,25.6145,4.0102,20.3571,16.0714,2016-18
26104,25.6248,4.0396,20.2203,14.2857,2016-18
26111,25.6432,3.9614,20.3272,21.4286,2016-18
26112,25.6504,4.0217,20.2072,17.8571,2016-18
26122,25.6707,3.9521,20.2954,21.4286,2016-18
26123,25.6690,4.0904,20.2032,19.6429,2016-18
26136,26.8094,2.8217,20.9193,78.5714,2016-18
26137,25.7384,4.1369,20.2423,21.4286,2016-18
26151,26.8229,2.6530,20.9079,96.4286,2016-18
26152,25.9021,4.1399,20.3707,25.0000,2016-18
26166,25.9552,3.7928,20.4228,26.7857,2016-18
26167,25.9036,4.0325,20.3636,26.7857,2016-18
26182,25.9582,3.7378,20.4136,26.7857,2016-18
26183,25.8789,3.9561,20.3334,30.3571,2016-18
26200,25.9563,3.6878,20.3980,25.0000,2016-18
26201,25.9303,3.9313,20.3617,28.5714,2016-18
26221,25.9549,3.6601,20.3898,25.0000,2016-18
26222,25.9408,3.9061,20.3674,26.7857,2016-18
26245,25.9512,3.6061,20.3794,26.7857,2016-18
26246,25.8751,3.9486,20.3230,23.2143,2016-18
26269,21.5157,4.9257,17.4101,0.0000,2016-18
26270,25.8307,3.9291,20.2935,21.4286,2016-18
26281,21.6279,4.8976,17.4815,0.0000,2016-18
26282,25.7816,3.9281,20.2587,19.6429,2016-18
26291,25.5473,3.9653,20.0963,16.0714,2016-18
26292,25.6070,4.0007,20.1453,16.0714,2016-18
26301,25.4742,3.9518,20.0384,16.0714,2016-18
26302,25.4981,3.9998,20.0656,14.2857,2016-18
26313,25.3914,3.8656,19.9602,17.8571,2016-18
26314,25.4120,3.9345,19.9901,16.0714,2016-18
26326,25.2529,3.7303,19.8358,30.3571,2016-18
26327,25.2347,3.8700,19.8482,21.4286,2016-18
26342,22.3390,4.6068,17.8872,0.0000,2016-18
26343,24.9280,3.9273,19.6294,23.2143,2016-18
26362,21.6582,4.6395,17.3516,0.0000,2016-18
26363,21.7652,4.8699,17.5202,0.0000,2016-18
26384,21.7253,4.6426,17.3834,3.5714,2016-18
26385,21.3925,4.9179,17.2418,0.0000,2016-18
26405,21.7155,4.6428,17.3748,7.1429,2016-18
26406,20.2236,4.8131,16.0961,0.0000,2016-18
26430,21.7467,4.6143,17.3779,0.0000,2016-18
26431,22.3019,4.3339,17.4612,3.5714,2016-18
26459,21.9853,4.5029,17.4564,0.0000,2016-18
26460,22.6691,4.2710,17.6503,10.7143,2016-18
26488,26.9372,2.5316,19.7352,100.0000,2016-18
26489,27.2564,2.4828,19.8833,100.0000,2016-18
26513,27.1262,2.4240,19.8145,100.0000,2016-18
26514,105.9602,0.0006,29.6456,100.0000,2016-18
26531,26.5760,2.4947,19.5692,100.0000,2016-18
26532,26.7956,2.5652,19.6717,100.0000,2016-18
26546,19.1805,5.0590,15.5765,0.0000,2016-18
26547,23.6385,3.7124,18.1061,58.9286,2016-18
26562,17.8898,5.3052,14.7994,0.0000,2016-18
26563,17.6444,5.2355,14.6027,0.0000,2016-18
26569,17.9531,5.2657,14.8302,0.0000,2016-18
26570,17.4189,5.2583,14.4594,0.0000,2016-18
26573,17.9907,5.2331,14.8434,0.0000,2016-18
26574,17.8666,5.1775,14.7361,0.0000,2016-18
26577,17.8047,5.2563,14.7242,0.0000,2016-18
26578,17.7961,5.1653,14.6818,0.0000,2016-18
26581,17.4840,5.3111,14.5244,0.0000,2016-18
26582,17.1193,5.3163,14.2749,0.0000,2016-18
26585,17.2388,5.3102,14.3557,0.0000,2016-18
26586,17.3696,5.1966,14.3882,0.0000,2016-18
26589,17.3181,5.2561,14.3909,0.0000,2016-18
26590,17.4107,5.1484,14.4044,0.0000,2016-18
26593,17.4020,5.1830,14.4218,0.0000,2016-18
26594,17.4813,5.0571,14.4204,1.7857,2016-18
26597,17.4662,5.0942,14.4332,0.0000,2016-18
26598,17.6484,4.8934,14.4567,1.7857,2016-18
26601,17.6248,4.9257,14.4611,1.7857,2016-18
26602,18.0846,4.6021,14.5647,3.5714,2016-18
26605,17.9183,4.7097,14.5245,3.5714,2016-18
26606,18.3292,4.5108,14.6259,7.1429,2016-18
26609,18.1174,4.5710,14.5647,3.5714,2016-18
26610,18.4276,4.4781,14.6399,5.3571,2016-18
26613,18.2956,4.4514,14.5827,3.5714,2016-18
26614,18.4591,4.4143,14.5997,5.3571,2016-18
26617,18.3591,4.4026,14.5874,3.5714,2016-18
26618,18.4581,4.3868,14.5948,5.3571,2016-18
26621,18.3950,4.3712,14.5922,7.1429,2016-18
26622,18.4403,4.4118,14.5916,5.3571,2016-18
26625,18.4344,4.3449,14.6021,7.1429,2016-18
26626,18.4276,4.4241,14.5912,5.3571,2016-18
26629,19.5171,3.1295,15.0735,44.6429,2016-18
26630,19.4854,2.8685,15.0544,60.7143,2016-18
26633,18.7068,4.1719,14.7168,8.9286,2016-18
26634,18.5119,4.3316,14.6336,5.3571,2016-18
26637,18.7083,4.1201,14.7149,5.3571,2016-18
26638,18.5597,4.2661,14.6463,8.9286,2016-18
26641,18.5783,4.1458,14.6508,1.7857,2016-18
26642,18.4581,4.2661,14.5768,8.9286,2016-18
26645,18.5589,4.1183,14.6426,1.7857,2016-18
26646,18.4957,4.1510,14.5854,8.9286,2016-18
26649,18.5584,4.0440,14.6338,5.3571,2016-18
26650,18.5472,3.9769,14.5967,10.7143,2016-18
26653,18.5639,3.9676,14.6239,8.9286,2016-18
26654,18.5329,3.8380,14.5661,14.2857,2016-18
26657,18.5269,3.9744,14.6012,12.5000,2016-18
26658,18.4555,3.7622,14.5079,16.0714,2016-18
26661,18.4803,3.9700,14.5663,16.0714,2016-18
26662,18.2564,3.8408,14.3963,25.0000,2016-18
26665,18.4678,3.9358,14.5516,21.4286,2016-18
26666,18.0618,3.9554,14.3119,17.8571,2016-18
26669,17.2643,4.3674,13.9107,10.7143,2016-18
26670,17.4513,4.2099,13.9988,14.2857,2016-18
26673,13.7206,5.6342,12.0586,0.0000,2016-18
26674,13.2660,5.5788,11.7954,0.0000,2016-18
26677,13.1303,5.7354,11.7416,0.0000,2016-18
26678,13.3891,5.5279,11.8619,5.3571,2016-18
26681,13.1532,5.7181,11.7506,0.0000,2016-18
26682,13.1889,5.5671,11.7355,0.0000,2016-18
26685,12.7131,5.8201,11.5125,0.0000,2016-18
26686,13.0164,5.5551,11.6233,0.0000,2016-18
26689,12.7269,5.7762,11.5041,0.0000,2016-18
26690,12.5622,5.6695,11.3724,0.0000,2016-18
26693,12.6658,5.7774,11.4644,0.0000,2016-18
26694,12.9667,5.5465,11.5760,0.0000,2016-18
26697,15.0848,4.5087,12.3673,48.2143,2016-18
26698,78.1649,0.0014,26.5153,100.0000,2016-18
26701,14.7551,4.6594,12.2521,48.2143,2016-18
26702,14.5619,4.8019,12.1979,46.4286,2016-18
26705,12.6136,5.7113,11.3830,0.0000,2016-18
26706,12.8330,5.6290,11.5003,0.0000,2016-18
26709,12.7051,5.6489,11.4219,0.0000,2016-18
26710,12.8643,5.5784,11.5062,1.7857,2016-18
26713,12.7181,5.6094,11.4219,0.0000,2016-18
26714,12.9298,5.5067,11.5267,1.7857,2016-18
26717,13.9230,4.7942,11.9306,10.7143,2016-18
26718,13.8846,4.8779,11.9199,12.5000,2016-18
26721,13.8249,4.9074,11.8950,8.9286,2016-18
26722,13.8365,4.8938,11.8899,8.9286,2016-18
26725,13.8117,4.9216,11.8832,3.5714,2016-18
26726,13.8183,4.8945,11.8852,7.1429,2016-18
26729,13.1566,5.2956,11.6243,0.0000,2016-18
26730,12.2154,5.6093,11.1555,0.0000,2016-18
26733,13.0456,5.3542,11.5728,0.0000,2016-18
26734,12.5380,5.5047,11.3180,0.0000,2016-18
26737,11.4566,5.8998,10.7905,1.7857,2016-18
26738,11.8462,5.7316,10.9813,1.7857,2016-18
26741,11.5967,5.7320,10.8493,1.7857,2016-18
26742,11.6736,5.6998,10.8881,3.5714,2016-18
26745,11.2307,5.8773,10.6695,5.3571,2016-18
26746,10.9950,5.9505,10.5567,3.5714,2016-18
26749,11.1818,5.8847,10.6413,1.7857,2016-18
26750,11.0497,5.9056,10.5736,3.5714,2016-18
26753,11.3646,5.7587,10.7158,3.5714,2016-18
26754,11.5189,5.6207,10.7737,14.2857,2016-18
26757,11.5769,5.6341,10.8072,10.7143,2016-18
26758,11.9853,5.3300,10.9670,16.0714,2016-18
26761,11.7455,5.5363,10.8826,16.0714,2016-18
26762,12.1170,5.2384,11.0275,16.0714,2016-18
26765,11.9115,5.4370,10.9563,16.0714,2016-18
26766,12.1502,5.2033,11.0433,16.0714,2016-18
26769,12.0305,5.3551,11.0071,16.0714,2016-18
26770,12.0398,5.2479,10.9908,16.0714,2016-18
26773,11.9340,5.3599,10.9534,16.0714,2016-18
26774,11.4592,5.5039,10.7111,14.2857,2016-18
26777,10.3893,5.8757,10.1761,17.8571,2016-18
26778,10.2252,5.9216,10.0938,19.6429,2016-18
26781,10.5042,5.7636,10.2102,30.3571,2016-18
26782,10.6046,5.6633,10.2287,33.9286,2016-18
26785,10.8682,5.4951,10.3280,41.0714,2016-18
26786,11.1520,5.3411,10.4150,41.0714,2016-18
26789,11.1749,5.2843,10.4224,42.8571,2016-18
26790,11.2982,5.2791,10.4601,42.8571,2016-18
26794,11.2612,5.2134,10.4470,42.8571,2016-18
26795,11.3302,5.2704,10.4666,42.8571,2016-18
26802,11.2902,5.1573,10.4521,41.0714,2016-18
26803,11.3504,5.2350,10.4608,42.8571,2016-18
26813,11.3215,5.1486,10.4459,57.1429,2016-18
26814,11.3567,5.1611,10.4459,58.9286,2016-18
26827,11.3301,5.1033,10.4459,57.1429,2016-18
26828,11.3682,5.0647,10.4451,57.1429,2016-18
26847,11.3436,5.0497,10.4454,57.1429,2016-18
26848,11.3792,5.0131,10.4444,55.3571,2016-18
26872,11.3613,5.0217,10.4437,55.3571,2016-18
26873,11.3985,4.9848,10.4447,55.3571,2016-18
26893,11.3689,5.0705,10.4391,53.5714,2016-18
26894,11.4272,4.9502,10.4477,53.5714,2016-18
26907,11.3637,5.1156,10.4287,42.8571,2016-18
26908,11.4672,4.9022,10.4552,53.5714,2016-18
26921,11.4336,4.8876,10.4387,55.3571,2016-18
26922,11.5002,4.8874,10.4622,53.5714,2016-18
26933,11.4791,4.8015,10.4512,55.3571,2016-18
26934,11.5311,4.8768,10.4700,53.5714,2016-18
26944,11.3518,5.0926,10.3996,44.6429,2016-18
26945,11.3077,5.1637,10.3702,44.6429,2016-18
26954,11.3503,5.0562,10.3905,44.6429,2016-18
26955,11.3162,5.0966,10.3671,44.6429,2016-18
26966,11.3366,4.9889,10.3721,69.6429,2016-18
26967,11.3185,4.9344,10.3615,69.6429,2016-18
26975,11.3060,5.0594,10.3540,44.6429,2016-18
26976,11.2493,5.1274,10.3349,44.6429,2016-18
26984,10.2315,5.6424,9.9241,16.0714,2016-18
26985,10.1362,5.6959,9.8847,16.0714,2016-18
26993,10.2887,5.6126,9.9432,16.0714,2016-18
26994,10.2424,5.6295,9.9223,17.8571,2016-18
27003,10.3411,5.5716,9.9595,16.0714,2016-18
27004,10.3223,5.5637,9.9489,21.4286,2016-18
27013,10.3845,5.5226,9.9718,19.6429,2016-18
27014,10.3802,5.4986,9.9666,25.0000,2016-18
27020,10.4131,5.4806,9.9793,25.0000,2016-18
27021,10.4185,5.4425,9.9774,26.7857,2016-18
27025,10.4396,5.4346,9.9859,25.0000,2016-18
27026,10.4520,5.3835,9.9861,33.9286,2016-18
27029,10.4673,5.3801,9.9925,30.3571,2016-18
27030,10.4877,5.3086,9.9946,37.5000,2016-18
27032,10.4975,5.3131,9.9992,37.5000,2016-18
27033,10.5289,5.2072,10.0031,37.5000,2016-18
27035,10.5283,5.2371,10.0056,37.5000,2016-18
27036,10.5715,5.0842,10.0105,37.5000,2016-18
27038,10.5582,5.1546,10.0112,37.5000,2016-18
27039,10.6117,4.9525,10.0159,37.5000,2016-18
27041,10.5954,5.0418,10.0172,37.5000,2016-18
27042,10.6512,4.8104,10.0200,37.5000,2016-18
27044,10.6273,4.9326,10.0211,37.5000,2016-18
27045,10.6804,4.6937,10.0216,37.5000,2016-18
27047,10.6540,4.8202,10.0220,37.5000,2016-18
27048,10.7003,4.5961,10.0204,37.5000,2016-18
27050,10.6609,4.7072,10.0130,37.5000,2016-18
27051,10.7114,4.5032,10.0150,39.2857,2016-18
27053,10.6626,4.5976,10.0023,37.5000,2016-18
27054,10.7137,4.4239,10.0069,39.2857,2016-18
27056,10.6748,4.4965,9.9964,37.5000,2016-18
27057,10.7016,4.4103,9.9989,37.5000,2016-18
