"","grid.cell","pred_FCI","FCI.se","grade"
"1",21780,47.6597023650651,4.29695033251225,"C"
"2",21789,50.7358415662196,4.22703305876443,"C"
"3",21795,48.272493589817,4.24251082387395,"C"
"4",21804,50.923708313739,4.23578151154691,"C"
"5",21805,50.3197505265821,4.20970863825388,"C"
"6",21806,49.4656615803422,4.19980470649242,"C"
"7",21810,48.9655794350844,4.20532679403052,"C"
"8",21811,49.0356821902537,4.20542101205958,"C"
"9",21812,49.0598091490077,4.201838252556,"C"
"10",21821,50.9038418785295,4.23389110174993,"C"
"11",21822,50.4370937707722,4.2124774309282,"C"
"12",21823,49.6915109773905,4.19824388212542,"C"
"13",21824,48.8579390688059,4.21343027572668,"C"
"14",21827,49.3518108441098,4.19517034301522,"C"
"15",21828,49.494635970453,4.19551343919121,"C"
"16",21829,49.3580442072593,4.19422424289156,"C"
"17",21830,48.885259833275,4.21164940131331,"C"
"18",21831,49.462473671063,4.19726275289196,"C"
"19",21832,49.1096710340047,4.20007946963727,"C"
"20",21833,49.3465199647995,4.193865860569,"C"
"21",21842,50.6155985175301,4.21777517634895,"C"
"22",21843,50.4222876845916,4.21076556023886,"C"
"23",21844,49.8077160541913,4.19777118854541,"C"
"24",21845,48.9387752088684,4.21015806656693,"C"
"25",21848,49.781494650556,4.1918582585596,"C"
"26",21849,49.9056172201213,4.19510642108459,"C"
"27",21850,49.6803947313965,4.19017316354862,"C"
"28",21851,49.8843518962548,4.19659783050688,"C"
"29",21852,49.6156490765167,4.18953920198687,"C"
"30",21853,48.8815802123598,4.21201550844624,"C"
"31",21854,49.5968506323465,4.19686953804815,"C"
"32",21855,50.1004630910959,4.20092337169457,"C"
"33",21856,49.1496974173344,4.19868315350038,"C"
"34",21857,49.3321739854189,4.1936984371684,"C"
"35",21858,49.5504864858772,4.18937222674516,"C"
"36",21867,50.327779597116,4.20592361656057,"C"
"37",21868,50.2660195285522,4.20171241283529,"C"
"38",21871,50.2329532162273,4.19739001624184,"C"
"39",21872,50.3081750023916,4.20225106466087,"C"
"40",21873,50.0306789099315,4.19149292247382,"C"
"41",21874,50.209646012459,4.20155868026685,"C"
"42",21875,49.879642611404,4.18823229497184,"C"
"43",21876,49.7468585520428,4.18690648829878,"C"
"44",21878,49.3240012592932,4.19336817649777,"C"
"45",21879,49.5022870012187,4.18957658631816,"C"
"46",21880,49.6443035211599,4.18706395407329,"C"
"47",21889,50.6508478322649,4.21509743816083,"C"
"48",21890,50.2140524664087,4.19915125087298,"C"
"49",21891,50.6093746585142,4.21279492816169,"C"
"50",21906,50.6750751613762,4.21505679092722,"C"
"51",21907,50.2219516513255,4.19867595522652,"C"
"52",21922,50.5274642276281,4.20801662712335,"C"
"53",21923,50.1110728897056,4.1959631037224,"C"
"54",21936,50.3699716939262,4.20218144386859,"C"
"55",21937,50.0180530803724,4.19470149603331,"C"
"56",21950,50.2498362058329,4.19901843742469,"C"
"57",21951,49.9875762795786,4.19495205350329,"C"
"58",21965,50.1888643085069,4.19822093754812,"C"
"59",21966,50.1521735634482,4.19840743809864,"C"
"60",21982,50.190688771688,4.19906078923165,"C"
"61",21983,50.2670126077606,4.20169842610829,"C"
"62",21998,50.2705725363876,4.20182355661273,"C"
"63",21999,50.4532604807781,4.20783912048317,"C"
"64",22013,50.4157343303281,4.20666881737937,"C"
"65",22014,50.6665613261029,4.21614779605989,"C"
"66",22018,49.4327389806825,4.17254978840299,"C"
"67",22019,49.401951810472,4.1781065765419,"C"
"68",22028,50.5514738426049,4.21203386949315,"C"
"69",22029,50.7904229249958,4.22219126163994,"C"
"70",22031,49.0843082289766,4.1774752062631,"C"
"71",22032,49.1820915524241,4.17391056901309,"C"
"72",22033,49.2545779739879,4.17519157785373,"C"
"73",22034,49.3138051169083,4.17813293778941,"C"
"74",22043,50.6507254616287,4.216753810815,"C"
"75",22044,50.8576633946206,4.22629145053159,"C"
"76",22046,48.9840128608718,4.19041285115562,"C"
"77",22047,48.8684640878063,4.18810773602535,"C"
"78",22048,49.6231059393547,4.1969112544782,"C"
"79",22049,48.9747608891933,4.18316382678444,"C"
"80",22050,49.1344135052106,4.18024309259906,"C"
"81",22057,50.7340858600089,4.22127296698991,"C"
"82",22058,50.9196308371093,4.23043956198419,"C"
"83",22060,48.8819189386707,4.19592315219566,"C"
"84",22061,48.6420779327029,4.19964250122308,"C"
"85",22062,49.6461952890441,4.19328173227913,"C"
"86",22063,48.7155409112022,4.19404094825991,"C"
"87",22064,50.8018258820657,4.24443514788211,"C"
"88",22065,50.8962733200366,4.24577449771782,"C"
"89",22066,48.924714838346,4.18566952850262,"C"
"90",22071,50.8031144055506,4.22541821298075,"C"
"91",22072,50.97714955767,4.23454825410436,"C"
"92",22074,48.5570608936754,4.2033376363163,"C"
"93",22075,48.5458604220163,4.20064570051365,"C"
"94",22076,48.5921485927474,4.19865117545211,"C"
"95",22077,48.7608073815228,4.19129848084728,"C"
"96",22079,51.9410963160782,4.3552147769041,"C"
"97",22084,50.8846220937622,4.23062543883348,"C"
"98",22085,51.029035347563,4.23837830564625,"C"
"99",22087,48.2662211302158,4.21829514802386,"C"
"100",22088,48.4420473041935,4.20385124533436,"C"
"101",22089,48.5134864116062,4.2010281995084,"C"
"102",22090,48.6499787999188,4.1952726231007,"C"
"103",22097,50.9961724788973,4.23794977320337,"C"
"104",22098,51.0655523746576,4.24141202819524,"C"
"105",22100,48.0148810077047,4.2323883335752,"C"
"106",22101,48.3245820364457,4.20686174753063,"C"
"107",22102,48.5205411806075,4.19590317978226,"C"
"108",22103,48.6155220059726,4.19310884668934,"C"
"109",22110,51.146038395643,4.24791500454417,"C"
"110",22111,51.1369342053225,4.24684648331114,"C"
"111",22113,47.8101400094,4.24903747754705,"C"
"112",22114,48.2002121415103,4.21446516592726,"C"
"113",22115,48.5551713981676,4.19146221893537,"C"
"114",22116,48.8547941856469,4.17784994111225,"C"
"115",22123,51.3083403772537,4.25941553487728,"C"
"116",22124,51.2440139084355,4.25485611402173,"C"
"117",22126,47.9297523016285,4.23683715547081,"C"
"118",22127,48.5610944534413,4.18929367086906,"C"
"119",22128,49.3248304729781,4.16126081108892,"C"
"120",22129,50.3931851428286,4.17545900046574,"C"
"121",22130,52.0505018550824,4.3190028424693,"C"
"122",22137,51.4494623627013,4.27045556923576,"C"
"123",22138,51.3723767618144,4.26494347231656,"C"
"124",22141,48.0681424313181,4.22400433597727,"C"
"125",22142,48.855618065342,4.17372634974583,"C"
"126",22143,49.8128403936776,4.15835159957689,"C"
"127",22144,50.9878772074943,4.20836754745704,"C"
"128",22145,51.9975646960069,4.31151855807484,"C"
"129",22146,52.1071056448902,4.33076872058358,"C"
"130",22147,52.0897682336829,4.32896412425103,"C"
"131",22154,51.5722634515528,4.28095870089452,"C"
"132",22155,51.5277510715672,4.27806029370201,"C"
"133",22158,48.2530442608255,4.20851434909495,"C"
"134",22159,49.1051115244769,4.16368043309491,"C"
"135",22160,49.9442545244262,4.15842985171351,"C"
"136",22161,50.9444104643006,4.20245874834122,"C"
"137",22162,51.9956085203052,4.31981276803264,"C"
"138",22163,51.9980714215625,4.32122211033177,"C"
"139",22168,51.8567750716753,4.30591566070657,"C"
"140",22169,51.8332921142986,4.30552336368393,"C"
"141",22172,48.3927309077247,4.19758051351796,"C"
"142",22173,49.1664367180168,4.1607624757502,"C"
"143",22174,49.9418723168538,4.15666329645753,"C"
"144",22175,50.7692695678906,4.18873694456546,"C"
"145",22180,48.4035010480048,4.19575967666591,"C"
"146",22181,49.1033296206451,4.16136198136183,"C"
"147",22182,49.8420810371922,4.15390420912378,"C"
"148",22183,50.5454337967576,4.17458092424751,"C"
"149",22188,48.3934405966207,4.195099398998,"C"
"150",22189,49.0754568070783,4.16092136181891,"C"
"151",22190,49.7858976749414,4.15201189520043,"C"
"152",22191,50.3904675912715,4.16601331166762,"C"
"153",22196,48.43745850003,4.19128480465101,"C"
"154",22197,48.9749781459655,4.16262010779289,"C"
"155",22198,49.7483060806183,4.15028224236528,"C"
"156",22199,50.2668511228981,4.15976177324908,"C"
"157",22204,48.4580317294547,4.18916175313937,"C"
"158",22205,49.0015488517255,4.16056927767765,"C"
"159",22206,49.7000750280682,4.1480703540354,"C"
"160",22207,50.1762347900636,4.15506258976029,"C"
"161",22211,48.5814870229533,4.1801673998972,"C"
"162",22212,49.0289447048764,4.15844203734661,"C"
"163",22213,49.6661669801862,4.14636836634676,"C"
"164",22214,50.1307762149427,4.15165930291709,"C"
"165",22218,48.6942157927791,4.17228269260617,"C"
"166",22219,49.0654410582073,4.15589918349252,"C"
"167",22220,49.6285779388095,4.14507669782548,"C"
"168",22221,50.0707015989722,4.14866425070898,"C"
"169",22223,47.2128328150885,4.30226945604704,"C"
"170",22225,48.756046792418,4.16802242954202,"C"
"171",22226,49.0624099947432,4.15464779292681,"C"
"172",22227,49.4793911262543,4.14522009600501,"C"
"173",22228,49.8418650871998,4.14477399951973,"C"
"174",22230,47.4220448681622,4.28339198056258,"C"
"175",22232,48.8613865515234,4.16090612725599,"C"
"176",22233,49.0664477183795,4.15332639820919,"C"
"177",22234,49.3804987958628,4.14613556818997,"C"
"178",22235,49.5555901695788,4.14572542430354,"C"
"179",22237,47.4192615981677,4.28265511828127,"C"
"180",22239,49.0460508911483,4.15258732347702,"C"
"181",22240,49.1608485237581,4.15060986865448,"C"
"182",22241,49.1549573642035,4.15577331914955,"C"
"183",22242,48.8415400050174,4.1775341413951,"C"
"184",22243,48.2749473630979,4.21957060235233,"C"
"185",22245,47.4679247153049,4.27821280491371,"C"
"186",22247,49.3274321224474,4.14460046353269,"C"
"187",22248,49.4174726992166,4.14497307355474,"C"
"188",22249,49.4986210193891,4.14626215185844,"C"
"189",22250,49.5804395389217,4.14637662140223,"C"
"190",22251,47.5655940475486,4.26964720011812,"C"
"191",22254,49.5347815811215,4.14046057615481,"C"
"192",22255,49.6274100802212,4.14106304111578,"C"
"193",22256,49.7390599071213,4.14180542770727,"C"
"194",22257,49.8499962617112,4.14196147623242,"C"
"195",22260,49.6976758229628,4.13766432701868,"C"
"196",22261,49.773471397729,4.13824738585815,"C"
"197",22262,49.9378124446183,4.13982854928229,"C"
"198",22263,50.0699186539663,4.14167140743141,"C"
"199",22266,49.8082583809528,4.1357795290729,"C"
"200",22267,49.8803041377789,4.13642262027613,"C"
"201",22268,50.2319276709408,4.13606352375066,"C"
"202",22269,50.0675952077609,4.13894630309438,"C"
"203",22270,50.2140473530058,4.14221036368315,"C"
"204",22273,49.9719589384387,4.13495171123983,"C"
"205",22274,50.0350214964838,4.13578274038553,"C"
"206",22275,50.1864078378203,4.13850887267591,"C"
"207",22276,50.1881389002934,4.1311428519493,"C"
"208",22277,50.3231906151038,4.14230007871369,"C"
"209",22280,50.1740694235593,4.13627685408206,"C"
"210",22281,50.2804722004492,4.13835044705592,"C"
"211",22282,50.4283029325965,4.14236314473231,"C"
"212",22283,50.5707511830964,4.14758413442607,"C"
"213",22287,50.4418556999828,4.14138324452155,"C"
"214",22288,50.5248259387536,4.14416838172521,"C"
"215",22289,50.6598520672167,4.14944009094991,"C"
"216",22290,50.7795779948536,4.15486311736717,"C"
"217",22294,50.7060634559033,4.14956112439553,"C"
"218",22295,50.7641170659293,4.15248253631902,"C"
"219",22296,50.8889309501183,4.1588020881757,"C"
"220",22297,51.0273793249755,4.16650768651044,"C"
"221",22301,50.9270400210722,4.15856194933684,"C"
"222",22302,50.9514782737379,4.16010047882055,"C"
"223",22303,51.0356674107173,4.16513341503313,"C"
"224",22304,51.1381367992918,4.17144768935406,"C"
"225",22308,51.1242962670622,4.1685260487088,"C"
"226",22309,51.0936365781713,4.16561918572528,"C"
"227",22310,51.1405164005099,4.16893031665194,"C"
"228",22311,51.2037709446372,4.17339761000853,"C"
"229",22316,51.1625689062215,4.16903565583809,"C"
"230",22317,51.1459988069132,4.16815459206676,"C"
"231",22318,51.1841399950196,4.17055657847184,"C"
"232",22319,51.2493641980283,4.1752144950067,"C"
"233",22324,51.1600198734231,4.16762822954979,"C"
"234",22325,51.2058223906781,4.17110171520313,"C"
"235",22326,51.3012296797109,4.17825731992761,"C"
"236",22333,51.2889942878885,4.17633858808023,"C"
"237",22340,51.2476120504313,4.17214427214514,"C"
"238",22346,51.1302346179826,4.16263040079695,"C"
"239",22347,51.203071655493,4.16763586348923,"C"
"240",22352,51.1867845193439,4.16508609175588,"C"
"241",22353,51.178269908797,4.16441574843477,"C"
"242",22358,51.2947204317408,4.1706589199541,"C"
"243",22359,51.1897080282001,4.16352098284442,"C"
"244",22364,51.3498970648856,4.17333978089382,"C"
"245",22366,51.2036805015549,4.16354726347631,"C"
"246",22371,51.3556110038263,4.17271756536491,"C"
"247",22373,51.2505546142549,4.16558126407418,"C"
"248",22374,51.3490649400639,4.1645769865814,"C"
"249",22380,51.4173098654167,4.17463598794038,"C"
"250",22381,51.5406527804027,4.18419648765005,"C"
"251",22388,51.6001851570035,4.18552542961326,"C"
"252",22389,51.8162593851384,4.20295631744736,"C"
"253",22395,51.5870173754517,4.17922011352593,"C"
"254",22396,51.7545562978621,4.19495795900368,"C"
"255",22397,51.9783785543447,4.21397291780799,"C"
"256",22403,51.6702989189193,4.18167005944291,"C"
"257",22404,51.8349367186454,4.19808827158961,"C"
"258",22405,52.0364635003336,4.2163137128998,"C"
"259",22411,51.7334769036522,4.18201394907744,"C"
"260",22412,51.8941160839441,4.1990136955393,"C"
"261",22413,52.0884612900273,4.21758492132198,"C"
"262",22419,51.8194809141321,4.1850298534095,"C"
"263",22420,51.986719148926,4.20314153216319,"C"
"264",22421,52.1885075978867,4.22396568456012,"C"
"265",22427,51.8534439481358,4.18361285015616,"C"
"266",22428,52.0509936744372,4.20263571011423,"C"
"267",22429,52.084984178928,4.20845991980729,"C"
"268",22430,52.2388805627275,4.22512716442443,"C"
"269",22440,51.8936061194048,4.18285158795814,"C"
"270",22441,52.0808170077918,4.20172527913319,"C"
"271",22442,52.1736754221461,4.21319665758338,"C"
"272",22443,52.3508163802847,4.23379106009823,"C"
"273",22455,51.9378865388563,4.18350278633593,"C"
"274",22456,52.1295552362599,4.20346684120616,"C"
"275",22457,52.2710396753535,4.22030359103867,"C"
"276",22458,52.4413646925591,4.24070043387345,"C"
"277",22472,51.9514484074386,4.18202570424287,"C"
"278",22473,52.1315520936236,4.2004092881116,"C"
"279",22474,52.2878942946373,4.21838747142363,"C"
"280",22475,52.4620863277834,4.23886223283151,"C"
"281",22488,51.9643847581199,4.18051937638645,"C"
"282",22489,52.1269977223976,4.19665203372641,"C"
"283",22490,52.2808477627573,4.21388278488759,"C"
"284",22491,52.4480193105658,4.23287361234165,"C"
"285",22506,51.9292859877092,4.17332902339475,"C"
"286",22507,52.0901500964288,4.18895576781068,"C"
"287",22508,52.2568342898078,4.20735318623596,"C"
"288",22509,52.427153310949,4.22630127807372,"C"
"289",22522,52.0138800573548,4.17749129503565,"C"
"290",22523,52.0599705772526,4.18182517721628,"C"
"291",22524,52.2193153083051,4.19932944186825,"C"
"292",22525,52.3947959236621,4.2185620320279,"C"
"293",22539,52.1722357358475,4.18773315138575,"C"
"294",22540,52.139108640241,4.1851475116285,"C"
"295",22541,52.2057319273988,4.19356850393405,"C"
"296",22542,52.3469492344822,4.20910304516056,"C"
"297",22559,52.198294129714,4.18666187673559,"C"
"298",22560,52.2303992867548,4.19141115466769,"C"
"299",22561,52.2801834129936,4.19839944613312,"C"
"300",22562,52.3556632868692,4.20691988074114,"C"
"301",22580,52.1291586415348,4.17591914362462,"C"
"302",22581,52.3377067275727,4.20064933247779,"C"
"303",22582,52.3649111308963,4.20479037317386,"C"
"304",22583,52.4126841602494,4.21033890945462,"C"
"305",22600,52.0814206002051,4.16690512355856,"C"
"306",22601,52.3711886492941,4.20005190466357,"C"
"307",22602,52.4311007873042,4.20759326794376,"C"
"308",22603,52.4911171363432,4.21455919720287,"C"
"309",22622,52.0702270995709,4.1594877034656,"C"
"310",22623,52.3720726474979,4.19223193718113,"C"
"311",22624,52.4779816235238,4.20496391752383,"C"
"312",22625,52.5251892037088,4.21183479458687,"C"
"313",22648,52.2918493953926,4.16464027807789,"C"
"314",22649,52.3984007824095,4.17930609111765,"C"
"315",22650,52.4171083280448,4.18524215982699,"C"
"316",22651,52.5051011869571,4.20084408005776,"C"
"317",22671,52.4503187443409,4.16100609544794,"C"
"318",22672,52.1978190341022,4.14172424811552,"C"
"319",22673,52.4221887198501,4.17454961072712,"C"
"320",22674,52.4535400110283,4.18507924882385,"C"
"321",22693,52.09297838029,4.11570151254405,"C"
"322",22694,52.1392712425292,4.13213669742993,"C"
"323",22695,52.3283774844868,4.15915223235771,"C"
"324",22696,52.4445826475019,4.1791583278191,"C"
"325",22716,51.8956788361901,4.09505220739326,"C"
"326",22717,52.0954450837873,4.12537585672294,"C"
"327",22718,52.2644648134065,4.14860659379471,"C"
"328",22719,52.4253170773084,4.17312859046193,"C"
"329",22738,51.8361071426446,4.08892276336486,"C"
"330",22739,52.0603993130524,4.11896530845526,"C"
"331",22740,52.2821679442505,4.14792534592748,"C"
"332",22741,52.3710498553227,4.16172163471229,"C"
"333",22764,51.8351304206158,4.08708343000668,"C"
"334",22765,52.0527337323325,4.11545588879977,"C"
"335",22766,52.3468063788189,4.15277349198811,"C"
"336",22767,52.3524933327932,4.15580663566553,"C"
"337",22787,52.2001271918587,4.12257639065313,"C"
"338",22788,52.3136142255992,4.14081563454882,"C"
"339",22789,52.450578882973,4.16065045304413,"C"
"340",22790,52.3802213113899,4.15213043146383,"C"
"341",22808,52.2726235684135,4.12719022955077,"C"
"342",22809,52.3437749203604,4.14100751700877,"C"
"343",22810,52.4526607682402,4.15763871111145,"C"
"344",22811,52.3398648878716,4.14429709206164,"C"
"345",22829,52.3103042659504,4.12466960758055,"C"
"346",22830,52.4644856542563,4.14717045412908,"C"
"347",22831,52.4844559819276,4.15457054741501,"C"
"348",22832,52.2991147119135,4.13641946541743,"C"
"349",22849,52.1613320932551,4.10242955166207,"C"
"350",22850,52.3945452954214,4.13450188792593,"C"
"351",22851,52.4709765672703,4.14969211331744,"C"
"352",22852,52.2910470897892,4.1312755765483,"C"
"353",22869,51.9382791647799,4.07303476330921,"C"
"354",22870,52.3554045836714,4.12762861063182,"C"
"355",22871,52.4272156687864,4.13959008493702,"C"
"356",22872,52.3974362686087,4.13446297434995,"C"
"357",22890,51.9541926425506,4.06822115853963,"C"
"358",22891,52.3452596869706,4.12455313107361,"C"
"359",22892,52.42932081236,4.1365952687139,"C"
"360",22893,52.357867297138,4.12509053226846,"C"
"361",22912,51.9744103192488,4.06514340141642,"C"
"362",22913,52.3603432195638,4.12336327652183,"C"
"363",22914,52.4153510266472,4.13097652245455,"C"
"364",22915,52.3619551309848,4.12241476598255,"C"
"365",22934,51.8935999190636,4.06063673897447,"C"
"366",22935,52.3152590206067,4.1145029004057,"C"
"367",22936,52.3717223341029,4.12186774854014,"C"
"368",22937,52.3536533840909,4.11897703711157,"C"
"369",22948,51.9532109999121,4.06566615047389,"C"
"370",22949,52.2827394854656,4.1075307778268,"C"
"371",22950,52.3127454645523,4.11105653896994,"C"
"372",22951,52.3247788824408,4.11215319177707,"C"
"373",22961,52.0084335827981,4.07042167349387,"C"
"374",22962,52.237727062767,4.09990572951804,"C"
"375",22963,52.2569856536005,4.10189138645384,"C"
"376",22964,52.2638320478486,4.10182539996584,"C"
"377",22973,51.9687570571319,4.06381505166457,"C"
"378",22974,52.1928827683354,4.09314032206159,"C"
"379",22975,52.2092641855115,4.09475538621881,"C"
"380",22976,52.1971915716903,4.0920739291224,"C"
"381",22985,52.0132521530973,4.06388093593698,"C"
"382",22986,52.1603657558809,4.0879631060165,"C"
"383",22987,52.1784071783042,4.08978623599271,"C"
"384",22988,52.1529301266001,4.08496041870295,"C"
"385",22997,52.0808837436687,4.06020837145201,"C"
"386",22998,52.1325471442623,4.08330695276556,"C"
"387",22999,52.1450820952214,4.08423766809412,"C"
"388",23000,52.1033603498324,4.07748874452872,"C"
"389",23009,51.9940513358525,4.04622247404011,"C"
"390",23010,52.0960785614357,4.07725535388246,"C"
"391",23011,52.1081454401999,4.07864203231542,"C"
"392",23012,52.0778832548447,4.07318899485885,"C"
"393",23021,51.8552765994617,4.02928319091621,"C"
"394",23022,52.0363376925099,4.0678924723272,"C"
"395",23023,52.0683871494059,4.07280742810716,"C"
"396",23024,52.0579512410646,4.06968491109667,"C"
"397",23033,51.6112170853061,4.01922342094571,"C"
"398",23034,51.9984101665538,4.06236652161968,"C"
"399",23035,52.0253979076786,4.06663974274412,"C"
"400",23036,52.033554305429,4.06532189368192,"C"
"401",23045,51.6926886429595,4.02651090578113,"C"
"402",23046,51.9565258861044,4.05666388490305,"C"
"403",23047,51.9833053178768,4.06073896738359,"C"
"404",23048,51.9586506169021,4.05552701309933,"C"
"405",23054,51.6712622851612,4.02317811100766,"C"
"406",23055,51.8818078211852,4.04729875444941,"C"
"407",23056,51.9336660582628,4.05412474501878,"C"
"408",23057,51.921184958417,4.05061908471807,"C"
"409",23060,51.588507081952,4.0142985235749,"C"
"410",23061,51.8245314679011,4.04028037719031,"C"
"411",23062,51.865638475609,4.04538818550944,"C"
"412",23063,51.8451018620732,4.04145558103143,"C"
"413",23066,51.3719459131042,3.99523419065011,"C"
"414",23067,51.7033217217846,4.02693735181808,"C"
"415",23068,51.7393631614084,4.03104565985308,"C"
"416",23069,51.7369074296785,4.02947738765871,"C"
"417",23072,51.1429587414881,3.97827796288544,"C"
"418",23073,51.5503409816916,4.0119290961159,"C"
"419",23074,51.5852756869525,4.01581391055991,"C"
"420",23075,51.5579440153369,4.01181752378329,"C"
"421",23078,51.1126448532895,3.97534736544779,"C"
"422",23079,51.3659604799612,3.99615037820556,"C"
"423",23080,51.225205039679,3.9873927736514,"C"
"424",23081,51.3314899510566,3.9926448589864,"C"
"425",23084,51.0703402308117,3.97259898694415,"C"
"426",23085,51.1258036935477,3.97914631532095,"C"
"427",23086,50.5772525875599,3.95617466137245,"C"
"428",23087,51.1246601797529,3.97777357221921,"C"
"429",23090,50.9900522420583,3.96783484718492,"C"
"430",23091,50.821514972494,3.96267614021285,"C"
"431",23092,49.3182108783479,3.96494462242138,"C"
"432",23093,50.8514359700089,3.96293394925228,"C"
"433",23096,50.8119248612238,3.95782790506811,"C"
"434",23097,50.4113275008756,3.94934817030122,"C"
"435",23098,47.7260746540299,4.10065492976382,"C"
"436",23099,50.3625363671781,3.94789645018018,"C"
"437",23102,50.5429472821971,3.94679267905777,"C"
"438",23103,50.409907022288,3.94818031887581,"C"
"439",23104,46.4480062858058,4.29995233148765,"C"
"440",23105,47.2100936162639,4.17124497613461,"C"
"441",23108,50.5793687038503,3.94598202387296,"C"
"442",23109,50.2182463176382,3.94444670834137,"C"
"443",23110,47.367966311387,4.14850577489872,"C"
"444",23111,48.8107773309347,3.99059244054668,"C"
"445",23114,50.2649811400523,3.93896225367163,"C"
"446",23115,50.0413151650625,3.94261261042347,"C"
"447",23116,48.911308824336,3.98318353120667,"C"
"448",23117,49.1210159819766,3.9684604265013,"C"
"449",23120,50.0473450817704,3.93706625964585,"C"
"450",23121,50.0220230849006,3.9407537721125,"C"
"451",23122,49.218702937327,3.96355941938854,"C"
"452",23123,49.05949698622,3.96950279391749,"C"
"453",23126,49.8862444518484,3.93641155100686,"C"
"454",23127,49.9205772301764,3.93974916743822,"C"
"455",23128,49.4640679274677,3.95128304460433,"C"
"456",23129,49.0097955506136,3.97040957434838,"C"
"457",23132,49.7403017756611,3.93621810106978,"C"
"458",23133,49.8149980557542,3.93917715500839,"C"
"459",23134,49.4585326517856,3.94966169525303,"C"
"460",23135,48.9281714095748,3.97335554556778,"C"
"461",23138,49.6253608627181,3.93670996693632,"C"
"462",23140,49.4185812821629,3.94950830743757,"C"
"463",23141,48.9704776898106,3.96939452140705,"C"
"464",23144,49.5748202737552,3.93647687733341,"C"
"465",23146,49.4064745762166,3.94847077303712,"C"
"466",23147,49.0975979531589,3.96030498232564,"C"
"467",23150,49.522523207586,3.93569001110149,"C"
"468",23151,49.5825659745206,3.93748516218796,"C"
"469",23152,49.3196307804361,3.94989128048846,"C"
"470",23153,49.1477719573608,3.95562642634408,"C"
"471",23156,49.449777977583,3.93484315305259,"C"
"472",23157,49.5254867517391,3.93549140519882,"C"
"473",23158,49.4037922899551,3.94259012401189,"C"
"474",23159,49.1203028017985,3.95490362975154,"C"
"475",23162,49.4569330160475,3.93061087141686,"C"
"476",23163,49.4954452287737,3.93386687766467,"C"
"477",23164,49.3747140722896,3.94100039139194,"C"
"478",23165,49.1658513779672,3.94946585733523,"C"
"479",23168,49.4624491230605,3.92768998358721,"C"
"480",23169,49.4974396406257,3.93094445532757,"C"
"481",23170,49.3862318376644,3.93753794433491,"C"
"482",23171,49.2703552018262,3.93980282862595,"C"
"483",23174,49.5029126885198,3.92304268009544,"C"
"484",23175,49.5572521316781,3.92490084871618,"C"
"485",23176,49.4081239691575,3.93337250942521,"C"
"486",23177,49.4148482255396,3.92812106289501,"C"
"487",23180,49.5364174391738,3.91866056447996,"C"
"488",23181,49.560650865937,3.92210500141179,"C"
"489",23182,49.5138837799506,3.92520045294975,"C"
"490",23183,49.5252690097284,3.91831934424427,"C"
"491",23186,49.5591720501449,3.91513761749173,"C"
"492",23187,49.5533131600591,3.91896526779227,"C"
"493",23188,49.6909713554757,3.91357678952086,"C"
"494",23189,49.6359703988478,3.90846911807117,"C"
"495",23192,49.5535431960122,3.91228279939408,"C"
"496",23193,49.5316540492707,3.91628353409201,"C"
"497",23194,49.8261353788734,3.9036490697691,"C"
"498",23198,49.5734829291854,3.90838156958229,"C"
"499",23199,49.5369925301881,3.91227581166858,"C"
"500",23200,49.8346347200256,3.89891985376806,"C"
"501",23204,49.5028095283563,3.90661610438536,"C"
"502",23205,49.6509129001604,3.90480695468499,"C"
"503",23206,49.8639929826568,3.89349649625408,"C"
"504",23210,49.4204017362759,3.9060974065314,"C"
"505",23211,49.6435069117195,3.90201567735969,"C"
"506",23212,49.8486649345493,3.89034854437855,"C"
"507",23216,49.3307149991895,3.90683325179659,"C"
"508",23217,49.6031655598688,3.90039579252765,"C"
"509",23218,49.8332358133011,3.88851141078723,"C"
"510",23222,49.2676223994093,3.90704777187372,"C"
"511",23223,49.5649010490158,3.8988504738721,"C"
"512",23224,49.1763581721476,3.91074685686216,"C"
"513",23225,49.8679539862908,3.86682507306466,"C"
"514",23228,49.4192397684644,3.89722966455062,"C"
"515",23229,49.3924156449312,3.90172803348605,"C"
"516",23230,49.0248188131884,3.91701650231276,"C"
"517",23231,49.8245063877019,3.86957380578643,"C"
"518",23234,49.1879950466299,3.9069915011593,"C"
"519",23235,49.191354029313,3.90846043344133,"C"
"520",23236,48.8644025192733,3.92577543801457,"C"
"521",23237,49.7683836748075,3.87080062821066,"C"
"522",23240,49.8198825916574,3.87878144818386,"C"
"523",23241,49.0795136378763,3.91177505947105,"C"
"524",23242,48.7503171493859,3.93239340822336,"C"
"525",23243,47.9019420191346,4.0117413007381,"C"
"526",23246,49.9996896694154,3.87246009434313,"C"
"527",23247,48.9136450278377,3.92013380884798,"C"
"528",23248,48.6076291799373,3.94213109934991,"C"
"529",23249,47.4828351379565,4.0650677054087,"C"
"530",23252,50.0107993523759,3.86706559454202,"C"
"531",23253,48.8782178652816,3.92066649952182,"C"
"532",23254,48.4917016464715,3.95060787402249,"C"
"533",23255,49.1815346433166,3.88969038736957,"C"
"534",23258,50.0773818337087,3.85813620593385,"C"
"535",23259,48.9544315474448,3.91227388414161,"C"
"536",23260,48.5921762758702,3.93939967633244,"C"
"537",23261,49.1436186923362,3.88649802948136,"C"
"538",23264,48.8969771658052,3.90059026673471,"C"
"539",23265,48.8054309822418,3.91913812744836,"C"
"540",23266,48.6063737760797,3.93548226983655,"C"
"541",23267,48.3742867094678,3.94584309969038,"C"
"542",23270,48.7269867893311,3.90700285225939,"C"
"543",23271,48.9362715487952,3.90589014039481,"C"
"544",23272,48.2160395241322,3.9567995287947,"C"
"545",23275,48.7129218990525,3.90441756419999,"C"
"546",23276,49.1490487984041,3.88609724236027,"C"
"547",23277,48.3035797850685,3.94381789805853,"C"
"548",23280,48.769128826308,3.8998556101054,"C"
"549",23281,49.0350377130046,3.88886504643695,"C"
"550",23282,48.2893537076706,3.94552971068115,"C"
"551",23285,48.7096489667938,3.90366443010716,"C"
"552",23286,48.8610572744652,3.89689131664695,"C"
"553",23287,48.1426722574871,3.96109394622836,"C"
"554",23290,48.4349956290616,3.92717048497291,"C"
"555",23291,48.5802299519145,3.91805406597185,"C"
"556",23292,47.9903577365454,3.97701026254059,"C"
"557",23295,48.1630660415141,3.95572515724375,"C"
"558",23296,48.3620060269583,3.9382388210719,"C"
"559",23297,48.0227297513292,3.97541025498142,"C"
"560",23300,48.1216312019105,3.9612782421597,"C"
"561",23301,48.1413247835759,3.9613102963098,"C"
"562",23302,47.9339582769944,3.9860681697766,"C"
"563",23305,48.1342848691881,3.9603915635809,"C"
"564",23306,47.9641802840489,3.98166728891744,"C"
"565",23307,47.8218302204174,3.99967042087347,"C"
"566",23310,47.9888736266311,3.97658959806595,"C"
"567",23311,47.9450649140418,3.98345074580027,"C"
"568",23312,47.5305666977888,4.03737859543133,"C"
"569",23315,47.9499092729193,3.98027229891496,"C"
"570",23316,47.7864911911623,4.00274494275987,"C"
"571",23317,46.8122891983165,4.14952945453127,"C"
"572",23320,47.9479755521107,3.97946798311386,"C"
"573",23321,47.8458295571992,3.99387629461856,"C"
"574",23322,46.9304845793086,4.12831723154639,"C"
"575",23325,47.8684440388486,3.98896956707563,"C"
"576",23326,47.808228226217,3.99799253059688,"C"
"577",23327,47.3964427854393,4.05404582413267,"C"
"578",23330,47.7640608242984,4.00242294964593,"C"
"579",23331,47.6940116380109,4.01264991884712,"C"
"580",23332,47.7128866176394,4.00994472855843,"C"
"581",23333,47.2140147798938,4.08054290531321,"C"
"582",23336,47.7714178700692,4.00068923468615,"C"
"583",23337,47.6783749626404,4.01407996692019,"C"
"584",23338,47.7441060853499,4.00453892050939,"C"
"585",23342,47.7383406924427,4.00342844944225,"C"
"586",23343,47.7548624283213,4.00203499571347,"C"
"587",23344,47.7210112454553,4.00550767576834,"C"
"588",23348,47.8279772412278,3.98823048119397,"C"
"589",23349,47.8826539502931,3.98067770618851,"C"
"590",23350,47.8093913120326,3.98826102856935,"C"
"591",23351,47.3995956549972,4.03451992535711,"C"
"592",23354,48.1566985757946,3.93760855924539,"C"
"593",23355,47.8995340957516,3.97281925762289,"C"
"594",23356,47.7239089597257,3.99192159782483,"C"
"595",23357,47.6562469185799,3.9914870974009,"C"
"596",23360,48.0254546028047,3.94935312808508,"C"
"597",23361,47.8679007763815,3.97351171963929,"C"
"598",23362,47.7212036148638,3.99081908837091,"C"
"599",23363,47.5521470094022,4.01007963464181,"C"
"600",23366,47.8832645144601,3.96169635580651,"C"
"601",23367,47.9164094815852,3.96355704839992,"C"
"602",23368,47.8311945594095,3.97273221435897,"C"
"603",23369,47.6678366185177,3.9897621757207,"C"
"604",23372,48.1840469179,3.91799659976249,"C"
"605",23373,47.926235837043,3.95895997092551,"C"
"606",23374,47.8906486659411,3.96121353656976,"C"
"607",23375,47.7859391859079,3.96850739141704,"C"
"608",23378,48.380957404142,3.89164508548432,"C"
"609",23379,47.9640113829236,3.94964626418808,"C"
"610",23380,47.9266438300915,3.95156235015189,"C"
"611",23381,47.8110238807809,3.95824515982736,"C"
"612",23384,48.302570997939,3.89361415553765,"C"
"613",23385,48.1561783080267,3.91969391721818,"C"
"614",23386,47.9326875129941,3.94437244876525,"C"
"615",23387,47.6908185474612,3.96764871019296,"C"
"616",23390,48.2549592342338,3.8918017657122,"C"
"617",23391,48.2171583622619,3.90617266703252,"C"
"618",23392,47.8829131928574,3.94304032817957,"C"
"619",23393,47.582810383004,3.97487306646107,"C"
"620",23396,48.2287959208008,3.8862750211784,"C"
"621",23397,48.228797358204,3.89810572596432,"C"
"622",23398,47.8968343847393,3.9345881370082,"C"
"623",23399,47.2116727857639,4.02239865448515,"C"
"624",23403,48.3490360615889,3.87678042943884,"C"
"625",23404,47.9773256677366,3.91808903885652,"C"
"626",23405,47.8295473464343,3.92357300072665,"C"
"627",23408,48.4303879859465,3.85096458315928,"C"
"628",23409,48.105505756744,3.88877382052855,"C"
"629",23410,47.9616452957768,3.91130456311009,"C"
"630",23411,48.1233011931547,3.87523590847433,"C"
"631",23414,48.0373807983433,3.88763359573201,"C"
"632",23415,48.2695223337724,3.86637838305656,"C"
"633",23416,48.1553115219185,3.88055184061381,"C"
"634",23417,47.5846806196093,3.9460702300071,"C"
"635",23420,48.109579703767,3.8780836919808,"C"
"636",23421,48.2317837958803,3.86768308704212,"C"
"637",23422,48.1094671332602,3.88293660792101,"C"
"638",23423,47.5655869951779,3.94773847442457,"C"
"639",23426,48.0884258498297,3.87837192186709,"C"
"640",23427,48.1585708821145,3.87347575854328,"C"
"641",23428,48.0385346474933,3.88820982390814,"C"
"642",23429,48.3495835124391,3.83999153220162,"C"
"643",23432,47.9761413294982,3.88911780376867,"C"
"644",23433,48.0497130829977,3.88345853346236,"C"
"645",23434,48.5789580273336,3.8238825208543,"C"
"646",23435,48.4392974557644,3.83149849758397,"C"
"647",23438,47.7222382008717,3.91868532874791,"C"
"648",23439,47.8831668049317,3.90155240822695,"C"
"649",23440,48.3963602676577,3.8397542487315,"C"
"650",23441,48.339221873783,3.84171939013769,"C"
"651",23445,48.0498844787468,3.87379414328336,"C"
"652",23446,48.0526608022846,3.87601652539303,"C"
"653",23447,48.2142116657622,3.85641921063214,"C"
"654",23448,48.14262112635,3.8604718205758,"C"
"655",23453,48.2293914253457,3.84737144868625,"C"
"656",23454,48.0761133172768,3.86833593563473,"C"
"657",23455,48.0564271758606,3.87121854521598,"C"
"658",23456,47.9039372958235,3.88630246765841,"C"
"659",23462,48.2975010744453,3.83049968217043,"C"
"660",23463,48.0612297525041,3.86359234736081,"C"
"661",23464,47.8807291618745,3.88624123804659,"C"
"662",23465,47.6397488639738,3.91638764946714,"C"
"663",23474,48.1733555974806,3.83681670137321,"C"
"664",23475,48.0307304867505,3.85799286298073,"C"
"665",23476,47.7586535671563,3.89630968813594,"C"
"666",23477,47.4204810331011,3.94147741797546,"C"
"667",23487,47.8104399967816,3.87385825074828,"C"
"668",23488,47.852949669969,3.87391825367215,"C"
"669",23489,47.5580440450687,3.91771015348,"C"
"670",23490,47.4021758320304,3.93651519827855,"C"
"671",23505,47.6704908341634,3.88217817079911,"C"
"672",23506,47.6782445919084,3.89090161935578,"C"
"673",23507,47.3881090811024,3.93652741751363,"C"
"674",23508,47.6112664368428,3.8990586628522,"C"
"675",23528,47.6482302427418,3.87568235894464,"C"
"676",23529,47.6446353769414,3.88914557238466,"C"
"677",23530,47.3808117708689,3.93025010493038,"C"
"678",23531,47.7850675002343,3.86855776960282,"C"
"679",23559,47.7381587718949,3.85657300824761,"C"
"680",23560,47.435226153658,3.91223884679095,"C"
"681",23561,47.4808358484811,3.90967436895237,"C"
"682",23562,47.871808469444,3.84694652990858,"C"
"683",23594,47.7754059923728,3.84419008267565,"C"
"684",23595,47.3904978437555,3.91308561428488,"C"
"685",23596,47.563417386762,3.89160249305974,"C"
"686",23597,48.1063992838835,3.80902372800986,"C"
"687",23633,47.7692221423442,3.83987679235566,"C"
"688",23634,47.3902624608404,3.9088291644479,"C"
"689",23635,42.8885123509087,5.04258312380516,"C"
"690",23636,46.826687098428,3.99295173450745,"C"
"691",23671,47.7681197517153,3.83837838141654,"C"
"692",23672,47.6895188678413,3.86174196135584,"C"
"693",23673,42.4134119793989,5.19812339436548,"C"
"694",23674,46.8915088730147,3.9848912640186,"C"
"695",23712,47.9321805985205,3.8144816574862,"C"
"696",23713,47.3903461891116,3.90300177283291,"C"
"697",23714,47.3066280010287,3.9203207389632,"C"
"698",23715,46.1569616339842,4.12095440996179,"C"
"699",23750,47.0026951545778,3.94391518951698,"C"
"700",23751,47.4803195845641,3.88426039474316,"C"
"701",23752,47.4563591842038,3.89181699204602,"C"
"702",23753,48.4971804655215,3.74460117769407,"C"
"703",23792,46.9159079595047,3.95150790839254,"C"
"704",23793,47.5816403262252,3.86219044295692,"C"
"705",23794,47.8408068270201,3.82796725879849,"C"
"706",23795,48.8266407265621,3.71106575427874,"C"
"707",23841,46.7730241989652,3.97018003371545,"C"
"708",23842,46.9682007235134,3.9533342376387,"C"
"709",23843,47.5224647133357,3.86507789633935,"C"
"710",23844,48.4200432447359,3.7428936797996,"C"
"711",23893,46.7889003112137,3.95945524688647,"C"
"712",23894,47.1013954733709,3.92647315181322,"C"
"713",23895,43.9347824868312,4.73400439043778,"C"
"714",23896,48.2696503143334,3.75439849983226,"C"
"715",23947,49.2993448948741,3.66978374745308,"C"
"716",23948,47.0767092747035,3.92891925137168,"C"
"717",23949,44.1012060225968,4.69302006525334,"C"
"718",23950,47.1171502126721,3.91550507465751,"C"
"719",24006,49.3659135482587,3.66159078298632,"C"
"720",24007,46.9671830918485,3.94720169820913,"C"
"721",24008,41.4371306752258,5.63265028388399,"C"
"722",24009,46.8431595241016,3.96586117298065,"C"
"723",24048,49.3345994766653,3.65822503492751,"C"
"724",24049,43.0987103242629,5.03271899982327,"C"
"725",24050,41.4498939513293,5.62831700703411,"C"
"726",24051,43.2972414312791,4.95826655507699,"C"
"727",24083,49.3145475362597,3.65378374885836,"C"
"728",24084,43.098704315707,5.0327227169066,"C"
"729",24085,41.4601441029477,5.62463576280042,"C"
"730",24086,46.3399126695358,4.07133361466298,"C"
"731",24109,49.5257996231918,3.6408390042365,"C"
"732",24110,46.0904529493085,4.13310431998811,"C"
"733",24111,43.0912974980867,5.03458979908695,"C"
"734",24112,47.8968264939125,3.78869140125376,"C"
"735",24129,49.7102114061049,3.6339308928816,"C"
"736",24130,45.9292944508348,4.17133861194084,"C"
"737",24131,46.1226298977889,4.12984053431364,"C"
"738",24132,49.1183297167861,3.66381126360934,"C"
"739",24149,49.7140441362743,3.62957082715234,"C"
"740",24150,45.7328210666173,4.22156759263169,"C"
"741",24151,41.463739917596,5.61531050074059,"C"
"742",24152,48.119917898967,3.74538225570315,"C"
"743",24167,49.6081216733994,3.62812994723592,"C"
"744",24168,45.5166279029793,4.27773785597226,"C"
"745",24169,41.5164621517903,5.59613300240903,"C"
"746",24170,44.6678237855953,4.48643672086147,"C"
"747",24178,49.5129191855596,3.62677299477915,"C"
"748",24179,45.2319304813121,4.3563980058141,"C"
"749",24180,41.5846779693257,5.57022113055094,"C"
"750",24181,47.1911223010342,3.88315694141015,"C"
"751",24185,49.4779383084331,3.62570762500912,"C"
"752",24186,41.7750620006044,5.50033777136913,"C"
"753",24187,41.7022076251548,5.52613688363794,"C"
"754",24188,49.0058149655007,3.65096132122883,"C"
"755",24192,47.5244956659089,3.81509109865094,"C"
"756",24193,41.9950748287866,5.42448053703771,"C"
"757",24194,41.8017774998223,5.4912898084316,"C"
"758",24195,49.1414397582627,3.63206075245476,"C"
"759",24201,47.2038447322487,3.87542069281833,"C"
"760",24202,42.1239126952805,5.37924206442393,"C"
"761",24203,41.888381095254,5.46121379342401,"C"
"762",24204,49.0082980707007,3.62977218493597,"C"
"763",24212,47.0454115120353,3.9066825811441,"C"
"764",24213,42.19884229949,5.35239309028587,"C"
"765",24214,44.3086468850912,4.6480180977368,"C"
"766",24215,49.1426153079801,3.62662457886316,"C"
"767",24226,46.8876812272536,3.93995890126158,"C"
"768",24227,43.9598327577035,4.75423983659238,"C"
"769",24228,44.0148869299554,4.7335551377661,"C"
"770",24229,49.2323513924144,3.6262368998689,"C"
"771",24242,46.8108148473239,3.95638623979052,"C"
"772",24243,42.240292667982,5.2338578787746,"C"
"773",24244,43.7278637948434,4.80955146826973,"C"
"774",24245,49.227938590268,3.62273104872863,"C"
"775",24260,44.4078152576447,4.55450211789804,"C"
"776",24261,42.4530365689823,5.1434127004307,"C"
"777",24262,46.7672513305813,3.97677107559261,"C"
"778",24263,49.1985446730097,3.61864148573002,"C"
"779",24280,44.4445411395166,4.52053607454729,"C"
"780",24281,42.8026380188188,5.00868751634323,"C"
"781",24282,46.6688816272594,3.99377776580621,"C"
"782",24283,49.1506703723031,3.61856747549295,"C"
"783",24300,44.5617725732488,4.45981844564554,"C"
"784",24301,43.1683926255147,4.88509306307583,"C"
"785",24302,44.5156902302473,4.44999213547701,"C"
"786",24303,49.1411590533129,3.61418667170509,"C"
"787",24321,43.4041501292178,4.81591224393323,"C"
"788",24322,41.693651308273,5.53903186334397,"C"
"789",24323,44.7254381579156,4.34621092785472,"C"
"790",24324,49.246045309236,3.60799126495879,"C"
"791",24343,41.7658054690691,5.51309796322137,"C"
"792",24344,41.6926181426956,5.54047828471896,"C"
"793",24345,45.0108645256681,4.23230725566081,"C"
"794",24346,49.0564876606009,3.62489157325958,"C"
"795",24357,41.883676687125,5.46801216154909,"C"
"796",24358,41.7117108549201,5.53352169504189,"C"
"797",24359,45.1436398696019,4.15398065070394,"C"
"798",24360,49.2354898750541,3.61260471432615,"C"
"799",24367,45.5527311228606,3.97718847896119,"C"
"800",24368,43.1115101962434,4.93392312619755,"C"
"801",24369,45.314808211138,4.01580213764786,"C"
"802",24370,46.5119662781704,3.94921899800475,"C"
"803",24378,49.0377698870877,3.63538246459253,"C"
"804",24379,45.4479437469559,3.90763972511593,"C"
"805",24380,39.2761018478095,3.81926745537217,"D"
"806",24381,45.1835362151796,3.47637189915853,"C"
"807",24390,49.1939106530837,3.62004898388752,"C"
"808",24391,46.8768859710075,3.86975943909506,"C"
"809",24392,38.3410469153918,4.02215496723058,"D"
"810",24393,44.5859324034526,3.48820772419416,"C"
"811",24405,49.1776437218236,3.61345523592049,"C"
"812",24406,44.2501879030876,3.53430135467345,"C"
"813",24407,32.8408266022791,5.36798288347241,"D"
"814",24408,33.8717721090124,5.02019385533668,"D"
"815",24420,49.15454490217,3.60690928426843,"C"
"816",24421,31.0691718713241,6.01677917312647,"D"
"817",24422,31.1781901035093,6.13945694099512,"D"
"818",24423,31.8046444131414,5.79057974905392,"D"
"819",24432,49.1073116985773,3.60065335181379,"C"
"820",24433,42.7983023891337,3.73590516428103,"C"
"821",24434,32.9323601460525,5.19213986053918,"D"
"822",24435,32.1018910601635,5.61830082865041,"D"
"823",24442,47.5997928418119,3.67796264595487,"C"
"824",24443,34.108053189135,5.00958441884206,"D"
"825",24444,34.2972234418106,4.61636305460346,"D"
"826",24445,43.3083105487933,3.5509418129446,"C"
"827",24451,42.7664331154434,3.62291086002636,"C"
"828",24452,35.337246751511,4.33862831599973,"D"
"829",24453,35.5791177463938,4.20779701404695,"D"
"830",24454,43.1661389155828,3.55927245680828,"C"
"831",24461,49.3770597030625,3.5811236597673,"C"
"832",24462,42.03952280625,3.79359501545425,"C"
"833",24463,36.569683821078,3.90423748263783,"D"
"834",24464,37.5799869118926,3.96526066968772,"D"
"835",24472,48.4228493624259,3.52982879325968,"C"
"836",24473,42.1657401882508,3.73624312974583,"C"
"837",24474,37.6501670065361,3.95633531049992,"D"
"838",24475,43.3171437623087,3.53249006825546,"C"
"839",24484,48.0339434605168,3.51043552273919,"C"
"840",24485,42.2291281353923,3.6870050795343,"C"
"841",24486,39.3166904319133,3.65675566757512,"D"
"842",24487,43.2401450948594,3.50196926772611,"C"
"843",24495,47.7168522609563,3.49646912055911,"C"
"844",24496,42.3232230622517,3.65255713525105,"C"
"845",24497,40.9366243005167,3.55112909923634,"D"
"846",24498,43.5087838214631,3.47516728363803,"C"
"847",24510,47.4646473164351,3.48853325209962,"C"
"848",24511,42.6070706026856,3.60566856067446,"C"
"849",24512,42.0066517490726,3.69990388645217,"C"
"850",24513,42.174968099411,3.89412933562243,"C"
"851",24528,49.1629616282442,3.55335356464798,"C"
"852",24529,43.028418311984,3.55040471804879,"C"
"853",24530,41.3298837562028,4.49102501406861,"C"
"854",24531,41.1925530550128,4.52967645873686,"C"
"855",24544,49.2788689874636,3.5580726099982,"C"
"856",24545,43.5022364453272,3.49732506623052,"C"
"857",24546,41.5220056078295,4.40383385506636,"C"
"858",24547,42.5105435756714,3.81621033078806,"C"
"859",24557,42.2895083235192,4.4848029249386,"C"
"860",24558,42.3104992087852,4.47334152623537,"C"
"861",24559,42.7764213368516,3.99094902995968,"C"
"862",24560,47.6786378642082,3.4903734823318,"C"
"863",24574,41.2535493814268,4.96068607033371,"C"
"864",24575,42.32747322213,4.47003485053372,"C"
"865",24576,47.6582188718863,3.48888923017675,"C"
"866",24577,49.4556533171097,3.56579612619454,"C"
"867",24593,41.3417553690774,4.91885173539628,"C"
"868",24594,42.3808023051015,4.41662924861693,"C"
"869",24595,47.4193049422628,3.48116407711003,"C"
"870",24596,49.4263009139455,3.56253907164331,"C"
"871",24609,42.3622489641292,4.39902397370899,"C"
"872",24610,42.326922225641,4.4195532504301,"C"
"873",24611,43.7567925893396,3.55835359174189,"C"
"874",24612,49.353330571385,3.55564435560672,"C"
"875",24628,42.0110600731605,4.50229794639937,"C"
"876",24629,42.7516304795827,4.05536704701506,"C"
"877",24630,43.9456653247591,3.56284699847669,"C"
"878",24631,49.1958682647032,3.54666719684896,"C"
"879",24648,42.3880297305859,4.15483643338529,"C"
"880",24649,42.2402909491435,4.26653604595895,"C"
"881",24650,46.5762926788626,3.46941147890612,"C"
"882",24651,49.018712589366,3.53450276119389,"C"
"883",24669,44.1858804720736,3.65485965639127,"C"
"884",24670,41.9016245470332,4.40698982261086,"C"
"885",24671,46.5134114708445,3.47422992823067,"C"
"886",24672,48.7465272707995,3.51594290549624,"C"
"887",24687,44.1942714079122,3.73442684553734,"C"
"888",24688,41.7561176722831,4.53828830037916,"C"
"889",24689,46.4927438287905,3.48233379963517,"C"
"890",24706,43.969535050116,3.84704789624027,"C"
"891",24707,41.5916658449514,4.6652922037416,"C"
"892",24708,46.4134726562482,3.49684410139733,"C"
"893",24709,48.3829962254076,3.49656269528187,"C"
"894",24723,43.7558377490238,3.94299673411376,"C"
"895",24724,43.7943331049291,3.93809658701507,"C"
"896",24725,46.1185443621541,3.53112387316572,"C"
"897",24726,48.1019845289454,3.49226461640335,"C"
"898",24740,45.9075458224426,3.56478097124336,"C"
"899",24741,43.4427584284495,4.05663298861101,"C"
"900",24742,45.7783566412915,3.57872645376822,"C"
"901",24743,48.2039427454067,3.49540618056137,"C"
"902",24756,45.6709614221127,3.60690687545518,"C"
"903",24757,45.4922345307328,3.62961294643108,"C"
"904",24758,45.6559835735506,3.60661229060976,"C"
"905",24759,48.2847963131464,3.49799007366289,"C"
"906",24772,48.299392005728,3.49989787698103,"C"
"907",24773,48.2503232913324,3.49870707166465,"C"
"908",24774,46.2323280401502,3.5581943138504,"C"
"909",24775,46.7796482789829,3.5234683298166,"C"
"910",24788,48.5153809420365,3.50510841515313,"C"
"911",24789,48.5688675815194,3.5075718473211,"C"
"912",24790,47.3182058435543,3.49852414653384,"C"
"913",24791,46.9396570330198,3.51466649315857,"C"
"914",24805,48.8949349814742,3.52079611333178,"C"
"915",24806,48.3175428136937,3.4954956518173,"C"
"916",24807,47.6213856553843,3.49164097488151,"C"
"917",24808,47.4278892137301,3.49491366484514,"C"
"918",24822,48.4100697841717,3.49608481052265,"C"
"919",24823,48.1613757215816,3.4911028079224,"C"
"920",24824,45.9247201057866,3.61342380514438,"C"
"921",24825,47.7120657056867,3.48860913217975,"C"
"922",24838,47.9837815891292,3.48646984023751,"C"
"923",24839,47.9542816983275,3.48775682569359,"C"
"924",24840,45.2580175645121,3.71687835447882,"C"
"925",24841,47.4405455014748,3.49288545059569,"C"
"926",24849,47.6898599382134,3.48721842244852,"C"
"927",24850,47.8274336018323,3.48703467817839,"C"
"928",24851,47.6193460041842,3.48965471819989,"C"
"929",24852,49.0537539397955,3.52864125793578,"C"
"930",24862,47.7815136488552,3.486517121896,"C"
"931",24863,45.9125615892934,3.64459967173505,"C"
"932",24864,47.7650777833996,3.48677086879157,"C"
"933",24865,49.047623607587,3.52497713725904,"C"
"934",24874,47.7780601183463,3.48715963109092,"C"
"935",24875,45.1469838642359,3.80239791067787,"C"
"936",24876,47.8461355934132,3.48565941652806,"C"
"937",24877,48.9923963329574,3.51905576214865,"C"
"938",24888,47.710861232653,3.48914013782415,"C"
"939",24889,44.4588981112574,4.01005247484365,"C"
"940",24890,47.9182823065311,3.48806423753007,"C"
"941",24891,49.2057875279871,3.53587717907477,"C"
"942",24904,43.4449760947732,4.36751357668228,"C"
"943",24905,41.6771479965125,5.20334309258672,"C"
"944",24906,43.8198591487873,4.26220497680564,"C"
"945",24907,47.533688677566,3.5019371873738,"C"
"946",24921,43.5438725660272,4.35365268481545,"C"
"947",24922,41.2964003855078,5.40921855043051,"C"
"948",24923,41.7596041729776,5.16567457088982,"C"
"949",24924,47.385727912921,3.50860806051947,"C"
"950",24937,43.5420527823952,4.36860510421797,"C"
"951",24938,41.3107068804135,5.40419694859919,"C"
"952",24939,41.3125773362099,5.40398249371914,"C"
"953",24940,43.5674806371907,4.34773346570152,"C"
"954",24951,46.8635383392229,3.5549380959417,"C"
"955",24952,41.7336626529617,5.17476035939275,"C"
"956",24953,43.6443540907464,4.33074181768833,"C"
"957",24965,48.8677385402624,3.51115703972816,"C"
"958",24966,43.7620247516333,4.2972439002887,"C"
"959",24967,43.4665293995467,4.38970879373337,"C"
"960",24979,48.7596353604908,3.50436392094771,"C"
"961",24980,43.6123181841197,4.34466017330855,"C"
"962",24981,43.3873997111357,4.42970071952772,"C"
"963",24992,48.6887443713546,3.50053681077832,"C"
"964",24993,43.4689911826862,4.40342188795392,"C"
"965",24994,41.3964771834877,5.25623094032567,"C"
"966",25004,48.6396366428538,3.49837791849107,"C"
"967",25005,43.5347387106936,4.38464780942676,"C"
"968",25006,41.4748724316402,5.22816286750882,"C"
"969",25014,48.6634281535747,3.49983245596105,"C"
"970",25015,43.436058516991,4.4221191035886,"C"
"971",25016,43.5000897761625,4.40457044439274,"C"
"972",25023,46.6612898159146,3.58869602527491,"C"
"973",25024,41.7834604556416,5.04089260469599,"C"
"974",25025,43.4708810721284,4.41541079428464,"C"
"975",25032,46.2783292647262,3.64515328257641,"C"
"976",25033,41.7336628798162,5.06041925714431,"C"
"977",25034,43.2381935905256,4.49795043448536,"C"
"978",25040,45.8631683597272,3.72185287944761,"C"
"979",25041,43.1319773135436,4.53247797418075,"C"
"980",25042,43.0057540346564,4.57111583902814,"C"
"981",25048,45.5231498297491,3.79597692260177,"C"
"982",25049,42.9299535148061,4.59396897926752,"C"
"983",25050,45.852769148022,3.7379770792173,"C"
"984",25056,45.3243204816983,3.84008302280687,"C"
"985",25057,45.5969275253168,3.79273158964117,"C"
"986",25058,45.6243184298021,3.78363957162109,"C"
"987",25064,45.4826073207368,3.80621579256882,"C"
"988",25065,44.4930857302398,4.06883753670827,"C"
"989",25066,45.7463618952059,3.76003856964179,"C"
"990",25072,45.6349335439893,3.77867533837587,"C"
"991",25073,44.3737255448153,4.10524302222885,"C"
"992",25074,43.836016616053,4.25765552023206,"C"
"993",25080,44.1450870092754,4.16799982035381,"C"
"994",25081,41.2922885479172,5.43576122575454,"C"
"995",25082,43.513753320542,4.35935357429775,"C"
"996",25088,44.0145237375287,4.2122736414742,"C"
"997",25089,43.90930952464,4.24745117069838,"C"
"998",25090,46.0427681722169,3.70543346541623,"C"
"999",25096,44.1378639119311,4.17621374529341,"C"
"1000",25097,43.8358446255658,4.26647114667209,"C"
"1001",25098,47.7777258784675,3.50268259466981,"C"
"1002",25104,44.0745829675266,4.19551954491209,"C"
"1003",25105,45.6811393525675,3.78088256071443,"C"
"1004",25106,47.811912410402,3.49959039670764,"C"
"1005",25112,44.0886056053805,4.18943824338494,"C"
"1006",25113,43.9186782506312,4.23460712939891,"C"
"1007",25114,47.7277599781769,3.50129303295911,"C"
"1008",25120,43.9983453057564,4.21506315128656,"C"
"1009",25121,43.8731387410269,4.25173400870379,"C"
"1010",25122,47.738483033626,3.50133521652804,"C"
"1011",25128,43.7002361862735,4.30591144402538,"C"
"1012",25129,43.686422063088,4.31036834348444,"C"
"1013",25130,47.5142647905802,3.51408269606355,"C"
"1014",25136,43.1969768826321,4.4644291491655,"C"
"1015",25137,43.1924163753623,4.46651563050667,"C"
"1016",25138,47.3957390295407,3.51940391137124,"C"
"1017",25143,44.9899231927881,3.94454996473437,"C"
"1018",25144,44.6770703695263,4.02454960435796,"C"
"1019",25145,47.4508847429559,3.51127207469755,"C"
"1020",25150,45.2613927461871,3.87514466523663,"C"
"1021",25151,44.8090607040431,3.98626081464833,"C"
"1022",25152,47.3601542692452,3.51353271441965,"C"
"1023",25155,45.5563563019959,3.80411677410283,"C"
"1024",25156,45.23736599635,3.87482981752964,"C"
"1025",25157,47.4775031977725,3.50521493377238,"C"
"1026",25160,45.4305484341119,3.82905411080917,"C"
"1027",25161,42.7220133630205,4.61302049032514,"C"
"1028",25162,47.645897893809,3.49593233857313,"C"
"1029",25165,45.1909282470892,3.88219949065473,"C"
"1030",25166,42.3523301833342,4.74495511192892,"C"
"1031",25167,47.530398602113,3.50326550935216,"C"
"1032",25170,44.8609535531201,3.96133702295612,"C"
"1033",25171,44.7472596059893,3.99510965820946,"C"
"1034",25172,47.260377040675,3.52243830540564,"C"
"1035",25175,44.5122298805567,4.05044818300443,"C"
"1036",25176,44.6405312275291,4.01998125715618,"C"
"1037",25177,47.0690752430457,3.53766564696927,"C"
"1038",25180,44.3546053222826,4.08855821666493,"C"
"1039",25181,44.4916464437507,4.0553654095213,"C"
"1040",25182,46.9209623086278,3.55021502547365,"C"
"1041",25185,44.2078926270924,4.12174937044714,"C"
"1042",25186,44.5751740548797,4.02640286903775,"C"
"1043",25187,46.9303508282193,3.54725633176393,"C"
"1044",25190,44.2123066550529,4.11310662023928,"C"
"1045",25191,44.6522962137681,3.99991200313533,"C"
"1046",25192,47.0296003553655,3.53525439601732,"C"
"1047",25195,44.3939777211258,4.05559795337244,"C"
"1048",25196,44.665288158998,3.98964032690779,"C"
"1049",25197,47.0693249759438,3.52913482765677,"C"
"1050",25200,44.543292846178,4.00722511123054,"C"
"1051",25201,44.6892112546771,3.97378544664307,"C"
"1052",25202,47.0525466964787,3.52637540250584,"C"
"1053",25205,44.7650694718687,3.94339699058867,"C"
"1054",25206,45.0699758297645,3.86809669447449,"C"
"1055",25207,47.2014010567758,3.50831810913055,"C"
"1056",25210,45.0536182630204,3.86920562969448,"C"
"1057",25211,45.4145888120282,3.78454143229845,"C"
"1058",25212,47.1611797857826,3.50882859446205,"C"
"1059",25215,44.859711475996,3.9111631271723,"C"
"1060",25216,41.2865032437847,5.21883820709736,"C"
"1061",25217,45.0926320390882,3.8446540427512,"C"
"1062",25220,44.6219415750335,3.96651891904898,"C"
"1063",25221,41.321845331095,5.20534729481636,"C"
"1064",25222,44.8656631665067,3.898263037415,"C"
"1065",25228,44.2805588558222,4.05410624848183,"C"
"1066",25229,41.3485228261358,5.19430508772861,"C"
"1067",25230,44.5793237729562,3.97040887441915,"C"
"1068",25236,44.0919782534204,4.10691655962424,"C"
"1069",25237,41.5688799744768,5.09872712884574,"C"
"1070",25238,44.4325417993274,4.00965914501305,"C"
"1071",25247,44.1883604976004,4.0817025323878,"C"
"1072",25248,44.2224682587124,4.08112957444733,"C"
"1073",25249,44.2997128275003,4.04179267395825,"C"
"1074",25260,44.1348860529469,4.09854225326298,"C"
"1075",25261,44.033960178961,4.13146925821549,"C"
"1076",25262,47.0488183316742,3.51434008881077,"C"
"1077",25273,43.8716582905192,4.17533229921667,"C"
"1078",25274,43.8615083341854,4.17792535836169,"C"
"1079",25286,43.7889875408363,4.20133311428819,"C"
"1080",25287,43.7241001608653,4.21709473132311,"C"
"1081",25301,41.1087031811682,5.39635874974166,"C"
"1082",25302,43.6826631050476,4.23349356568683,"C"
"1083",25321,43.6789054128067,4.24169960860754,"C"
"1084",25322,43.6050683769931,4.25774288888834,"C"
"1085",25323,46.914908709478,3.50881957333549,"C"
"1086",25343,43.8421834279362,4.19110878552701,"C"
"1087",25344,43.7753050518923,4.20337389787559,"C"
"1088",25345,46.7685719239019,3.51814655459274,"C"
"1089",25367,41.738686982971,4.95324492438877,"C"
"1090",25368,44.1436537194696,4.09610172929061,"C"
"1091",25369,46.6077408881858,3.53505541852537,"C"
"1092",25392,42.1061252860273,4.85283244995242,"C"
"1093",25393,42.252927094034,4.80213591267739,"C"
"1094",25394,46.5627949340621,3.54250640055006,"C"
"1095",25419,42.1341036322954,4.86033774503006,"C"
"1096",25420,41.2777825191652,5.27508587247722,"C"
"1097",25421,44.3757456800279,4.03425105021962,"C"
"1098",25447,44.3248950130321,4.05739089462119,"C"
"1099",25448,41.3303638991306,5.25143271119422,"C"
"1100",25449,42.6655766751789,4.67422156767936,"C"
"1101",25476,44.324285083005,4.05735229611141,"C"
"1102",25477,42.6194086277567,4.70555112849954,"C"
"1103",25478,42.752349372016,4.65029761571056,"C"
"1104",25505,44.3173156037518,4.06081728977126,"C"
"1105",25506,41.5483881562046,5.21831081865722,"C"
"1106",25507,41.4773336922978,5.24452173767156,"C"
"1107",25538,44.2682949310333,4.07738728003457,"C"
"1108",25539,41.246142780963,5.47600667024694,"C"
"1109",25540,41.4813694974886,5.24084081518156,"C"
"1110",25569,44.2112800793265,4.09835842768326,"C"
"1111",25570,42.6375514380167,4.71573358064043,"C"
"1112",25571,42.7728257246809,4.6589751195177,"C"
"1113",25598,44.0534291520739,4.15176164290051,"C"
"1114",25599,42.4676375543808,4.78034451796998,"C"
"1115",25600,42.6202343627074,4.71847903199047,"C"
"1116",25613,43.8714458021448,4.2181352750858,"C"
"1117",25614,42.3355019117429,4.82992039269742,"C"
"1118",25615,42.4501690978168,4.7814484298466,"C"
"1119",25629,43.7703363020233,4.25374033795329,"C"
"1120",25630,42.3012445495589,4.83918928268786,"C"
"1121",25631,43.9997217937713,4.18613773418893,"C"
"1122",25643,43.8423362716707,4.23548197980102,"C"
"1123",25644,42.1604145653926,4.8890590123427,"C"
"1124",25645,43.8793478720864,4.21653487239414,"C"
"1125",25652,43.822693561826,4.24474734554833,"C"
"1126",25653,41.6741978671977,5.06062491814222,"C"
"1127",25654,45.6128543918769,3.72686439432876,"C"
"1128",25658,44.046652719133,4.16697676982722,"C"
"1129",25659,43.8701788921805,4.22677193960451,"C"
"1130",25660,45.6882400409698,3.70474738138823,"C"
"1131",25664,40.9675686678375,5.38926466136991,"D"
"1132",25665,43.5385205586483,4.32710972621341,"C"
"1133",25666,45.8324245151588,3.6657175675542,"C"
"1134",25670,43.5141598349955,4.34586209205887,"C"
"1135",25671,43.8818415458789,4.2048680131991,"C"
"1136",25676,43.042092523302,4.5117125798537,"C"
"1137",25677,45.5898336812319,3.71467159805629,"C"
"1138",25678,46.0545524235382,3.60669062334313,"C"
"1139",25682,41.0949552543543,5.43450653568561,"C"
"1140",25683,43.4046461755749,4.34170422692784,"C"
"1141",25684,45.8990104014196,3.62987168031844,"C"
"1142",25688,42.4426087835964,4.72292504662982,"C"
"1143",25689,45.6678879116138,3.68437046638343,"C"
"1144",25694,43.5970516174859,4.2866826510914,"C"
"1145",25695,44.0873265209315,4.08785728405615,"C"
"1146",25696,45.7867657248125,3.64331581376638,"C"
"1147",25700,43.3789735963838,4.29359463265367,"C"
"1148",25701,43.756175117419,4.13249872677396,"C"
"1149",25702,43.4291998543171,4.19732499265394,"C"
"1150",25706,43.3707835882498,4.07939757033466,"C"
"1151",25707,43.7017920514342,3.98570107345273,"C"
"1152",25708,45.3446625180972,3.71352960416811,"C"
"1153",25712,42.9536950382284,3.97894286664922,"C"
"1154",25713,43.4974863097201,4.47983151766733,"C"
"1155",25714,43.3724270583709,3.93845603429319,"C"
"1156",25718,42.7681371004961,3.95879293987101,"C"
"1157",25719,40.9892413605308,4.25637759351953,"D"
"1158",25723,42.5874814366585,3.86406674123638,"C"
"1159",25724,41.108900305753,4.17308063366625,"C"
"1160",25728,42.9665374122357,3.71666950774618,"C"
"1161",25729,42.6251735379043,3.82234226476434,"C"
"1162",25733,39.7308796835247,3.59956328978435,"D"
"1163",25734,45.0576545355818,3.68179316336017,"C"
"1164",25738,40.1676412295089,3.52623573478571,"D"
"1165",25739,42.9533405247124,3.54552028463801,"C"
"1166",25743,40.4931283454596,3.47713071206766,"D"
"1167",25744,40.6980953273433,3.44249663583594,"D"
"1168",25748,42.6350629551016,3.40700273235815,"C"
"1169",25749,40.719899279792,3.42742531023164,"D"
"1170",25753,40.835475127087,3.40795893587707,"D"
"1171",25754,40.7173310992038,3.41726633232156,"D"
"1172",25758,41.0495075818411,3.402013434561,"C"
"1173",25759,42.4142564304321,3.3973342393957,"C"
"1174",25763,41.0579649375483,3.40213292409463,"C"
"1175",25764,44.6602687675194,3.59651335712057,"C"
"1176",25768,42.1084764756613,3.37771837330473,"C"
"1177",25769,41.4657955124994,3.39396880160774,"C"
"1178",25773,41.9644380526446,3.38041026366086,"C"
"1179",25774,35.7703564544294,4.06938771049492,"D"
"1180",25778,44.770805160443,3.5162557553421,"C"
"1181",25779,36.1278687226491,4.10189831075461,"D"
"1182",25783,44.6379712442843,3.4753293266242,"C"
"1183",25784,36.2729860323028,4.12755794930655,"D"
"1184",25788,38.2451621085389,3.96298417081206,"D"
"1185",25789,36.2784014630764,4.16728585882588,"D"
"1186",25793,37.3512262742688,4.13336853035551,"D"
"1187",25794,36.7345848389739,4.35020294850181,"D"
"1188",25798,36.7487316671418,4.26853666260307,"D"
"1189",25799,36.2816570283953,4.48968392514247,"D"
"1190",25803,27.693667885772,7.6677458911126,"D"
"1191",25804,27.5482638050893,7.61364585865451,"D"
"1192",25808,27.7698667249725,7.77386534605329,"D"
"1193",25809,27.6747037628752,7.70798833897268,"D"
"1194",25813,27.0419217162213,7.82826570406386,"D"
"1195",25814,27.7571418822741,7.75348672998675,"D"
"1196",25818,27.6642791735719,7.99094324984128,"D"
"1197",25819,27.6970139950575,7.83158121888926,"D"
"1198",25823,27.5609975819428,7.77836832156317,"D"
"1199",25824,27.6193458198903,7.78126362144903,"D"
"1200",25827,35.6591105343843,4.65280458374329,"D"
"1201",25828,35.3829962990539,4.78114807827695,"D"
"1202",25831,28.9824892128846,5.36136997586539,"D"
"1203",25832,28.923584515185,5.42414439130593,"D"
"1204",25835,29.1708542174833,5.23169412629904,"D"
"1205",25836,28.9631967616487,5.33798326466718,"D"
"1206",25839,29.573930719556,5.04719804257266,"D"
"1207",25840,34.2859078304771,4.82016253320892,"D"
"1208",25843,28.5035847373231,5.08497044906686,"D"
"1209",25844,44.171936641054,3.36382019355663,"C"
"1210",25847,30.2824716813715,4.70227932599572,"D"
"1211",25848,44.6121248377375,3.36011343682997,"C"
"1212",25851,35.8323314514251,4.4520892457626,"D"
"1213",25855,38.0626696744075,3.98726865603755,"D"
"1214",25856,38.0290951750538,3.9537449856476,"D"
"1215",25860,37.984755457811,3.95974030565209,"D"
"1216",25861,38.1718298334958,3.92562021957716,"D"
"1217",25865,38.4840290580819,3.88656434672483,"D"
"1218",25866,38.3802927042755,3.88448328928072,"D"
"1219",25870,38.5170293287259,3.86423833100655,"D"
"1220",25871,39.2971585139099,3.75007848843012,"D"
"1221",25875,44.662820113138,3.38152900707956,"C"
"1222",25876,40.7868152186085,3.58449933601717,"D"
"1223",25881,41.9229051216828,3.4926412096989,"C"
"1224",25885,45.3942477555478,3.37989395706632,"C"
"1225",25886,40.4845304088676,3.48253263201562,"D"
"1226",25890,41.9086480236539,3.44596904098647,"C"
"1227",25891,40.6821977975453,3.45665297928443,"D"
"1228",25895,40.6633927791339,3.4367323517225,"D"
"1229",25896,40.8641241426982,3.45445018719962,"D"
"1230",25900,41.8864762044391,3.4284829738171,"C"
"1231",25901,42.168024720619,3.46302773703521,"C"
"1232",25905,41.8404632618651,3.42517080606716,"C"
"1233",25906,42.0718737577119,3.45232955383268,"C"
"1234",25910,41.7838509302115,3.42003220876928,"C"
"1235",25911,41.9702788977071,3.44098154648982,"C"
"1236",25915,38.3745815107541,4.53767982819771,"D"
"1237",25916,41.8530046697952,3.42733351150453,"C"
"1238",25920,41.5460265799471,3.40710235611344,"C"
"1239",25921,41.8406761221084,3.40648479957286,"C"
"1240",25925,41.2469429997592,3.39741036098213,"C"
"1241",25926,41.5743604339522,3.38887643753159,"C"
"1242",25930,38.4675139290754,3.70512820548222,"D"
"1243",25931,38.0869370577129,3.80566592556947,"D"
"1244",25935,40.4657567086804,3.41983593137207,"D"
"1245",25936,40.2695644181031,3.43490435644417,"D"
"1246",25940,43.4676787304252,3.37061535386333,"C"
"1247",25941,44.294228972304,3.36790361372571,"C"
"1248",25946,43.9901963546454,3.36801045527845,"C"
"1249",25947,44.2839886669017,3.36409258133853,"C"
"1250",25952,43.5693293236971,3.34506501873193,"C"
"1251",25953,43.9840032839959,3.35001326600482,"C"
"1252",25958,43.7064965149352,3.34160449536411,"C"
"1253",25959,44.0038482610296,3.34789253858925,"C"
"1254",25966,41.5668245267846,3.4267086578894,"C"
"1255",25967,41.0903927850661,3.49404096251955,"C"
"1256",25974,40.5407784367792,3.59037084455458,"D"
"1257",25975,39.7983971142463,3.76211952101294,"D"
"1258",25982,39.5645774021734,3.82625455747709,"D"
"1259",25983,38.9366320208654,4.02090682762368,"D"
"1260",25990,39.4170741510409,3.87359139508071,"D"
"1261",25991,38.6532965227317,4.11852869825651,"D"
"1262",25998,39.4770918408198,3.85865183911877,"D"
"1263",25999,38.6605754208529,4.12480039119134,"D"
"1264",26005,39.8552989455417,3.76129641409502,"D"
"1265",26006,39.1455275858176,3.98846604077317,"D"
"1266",26012,39.676804966549,3.82444468632415,"D"
"1267",26013,39.3444440876243,3.96772258976997,"D"
"1268",26019,39.7027078636842,3.84325174232455,"D"
"1269",26020,39.8117316821744,3.85880171531347,"D"
"1270",26026,40.1611963538409,3.72558171409687,"D"
"1271",26027,40.0310792656389,3.79753511774656,"D"
"1272",26033,40.2723369510689,3.71934891531624,"D"
"1273",26034,42.6947198065949,3.34296768301927,"C"
"1274",26040,40.1161942302526,3.78466049525899,"D"
"1275",26041,44.4947244088405,3.36000977909901,"C"
"1276",26047,39.8923168452372,3.85692686534269,"D"
"1277",26048,44.6390016464196,3.36762924469225,"C"
"1278",26054,42.3258501171128,3.37341525816472,"C"
"1279",26055,41.9421777792531,3.41638052872716,"C"
"1280",26061,42.2743433943258,3.37958188713669,"C"
"1281",26062,41.9841479950506,3.41618201094508,"C"
"1282",26068,42.3358886749003,3.37565184833001,"C"
"1283",26069,42.0774748131321,3.41020937044365,"C"
"1284",26075,42.334020672057,3.37840415610156,"C"
"1285",26076,42.1357806558529,3.40955573039985,"C"
"1286",26081,42.2985332659865,3.38570320239608,"C"
"1287",26082,42.0543547726854,3.42680702127456,"C"
"1288",26085,42.2686888241373,3.39376464676624,"C"
"1289",26086,41.8833197765213,3.45731295317665,"C"
"1290",26089,42.2125694748146,3.40552252511483,"C"
"1291",26090,41.7231401277956,3.48763656708422,"C"
"1292",26095,42.1315735407637,3.42062051320075,"C"
"1293",26096,41.5603939211926,3.5195672230055,"C"
"1294",26103,41.9907648059328,3.4446157782258,"C"
"1295",26104,41.374330205941,3.55752793481365,"C"
"1296",26111,41.8190492632003,3.47524172111421,"C"
"1297",26112,41.1248000013688,3.61199222653172,"C"
"1298",26122,41.6276240942224,3.51091551405727,"C"
"1299",26123,40.8882032974168,3.66716705543014,"D"
"1300",26136,39.9221119786367,3.87625905597266,"D"
"1301",26137,40.8200955044442,3.68409593342307,"D"
"1302",26151,39.5427517241032,3.97641893242667,"D"
"1303",26152,40.7740863039128,3.69262021796047,"D"
"1304",26166,41.1473924204509,3.60745645319664,"C"
"1305",26167,40.7666071267122,3.69268914757791,"D"
"1306",26182,40.9886986844544,3.64079912560448,"D"
"1307",26183,40.6752485334253,3.71365761751428,"D"
"1308",26200,40.8235674780412,3.67697323833836,"D"
"1309",26201,40.7378250248493,3.70101156373452,"D"
"1310",26221,40.7758259165304,3.68854297090333,"D"
"1311",26222,40.8715894416477,3.67287914965992,"D"
"1312",26245,40.7942356249926,3.68604236142611,"D"
"1313",26246,39.6536397389162,4.00036511238031,"D"
"1314",26269,43.3980947835683,3.32538979415091,"C"
"1315",26270,39.8116555134892,3.95699467415279,"D"
"1316",26281,43.3072191443631,3.33158133391192,"C"
"1317",26282,41.1581649180027,3.61846862963045,"C"
"1318",26291,41.1846792362498,3.61764518506204,"C"
"1319",26292,41.2756209750325,3.59723119194439,"C"
"1320",26301,41.2213575481961,3.61198823719769,"C"
"1321",26302,41.3989006628701,3.57616534147159,"C"
"1322",26313,41.0653799323131,3.64729383461819,"C"
"1323",26314,41.2163847747687,3.61482142081666,"C"
"1324",26326,40.6786927396825,3.74000713167805,"D"
"1325",26327,40.9586197025691,3.67990186957941,"D"
"1326",26342,42.2546598391783,3.44237541411897,"C"
"1327",26343,41.3845401755862,3.5990050991868,"C"
"1328",26362,42.9414136691553,3.36412398216544,"C"
"1329",26363,42.9809753683532,3.36085227899187,"C"
"1330",26384,41.8359466365305,3.51940373366129,"C"
"1331",26385,43.0006592708131,3.35947387495062,"C"
"1332",26405,42.2651094469259,3.44655811439759,"C"
"1333",26406,43.1898269750905,3.34148517883616,"C"
"1334",26430,42.6615465994818,3.39452524657445,"C"
"1335",26431,42.8355792889328,3.37186696066233,"C"
"1336",26459,42.4529754850678,3.42071187952044,"C"
"1337",26460,42.5945672213482,3.39886586092995,"C"
"1338",26488,40.9398958375681,3.73058407186082,"D"
"1339",26489,41.1029565047665,3.69059556838078,"C"
"1340",26513,40.5330292246083,3.84853783935447,"D"
"1341",26514,37.6698218758792,4.96832402175336,"D"
"1342",26531,40.1210068530669,3.96182121018385,"D"
"1343",26532,40.4658238839456,3.86851431157861,"D"
"1344",26546,42.6065920171135,3.40960284491709,"C"
"1345",26547,41.9233208556205,3.52907954819214,"C"
"1346",26562,43.3215220745242,3.33768459517661,"C"
"1347",26563,43.8479451228686,3.3121034623263,"C"
"1348",26569,43.5502326203307,3.32481257552768,"C"
"1349",26570,44.4942559834209,3.30813748476343,"C"
"1350",26573,43.5682864812975,3.32294505250311,"C"
"1351",26574,44.2973065920991,3.30531663533622,"C"
"1352",26577,43.5810052798241,3.31927257878579,"C"
"1353",26578,44.0621772763171,3.30563983779801,"C"
"1354",26581,43.5707455945713,3.31770139118675,"C"
"1355",26582,43.7868012852395,3.31011026681596,"C"
"1356",26585,43.1840969727367,3.33149059164758,"C"
"1357",26586,43.2008321142812,3.33061650883347,"C"
"1358",26589,42.9193540857516,3.35276134950727,"C"
"1359",26590,42.8509126623817,3.35980516657288,"C"
"1360",26593,42.607207679303,3.38409912714766,"C"
"1361",26594,42.513423197935,3.39577640977211,"C"
"1362",26597,42.313226798694,3.41987123683587,"C"
"1363",26598,42.2364826104705,3.43127225064291,"C"
"1364",26601,42.0670627445281,3.45489755288047,"C"
"1365",26602,42.1011891344194,3.45147051817718,"C"
"1366",26605,41.8244247896229,3.49395170238844,"C"
"1367",26606,41.9752193963179,3.47149735351806,"C"
"1368",26609,41.6591595921538,3.52349371364178,"C"
"1369",26610,41.8736018154277,3.48890975569798,"C"
"1370",26613,41.5459387081048,3.54590072585418,"C"
"1371",26614,41.8865403249783,3.48788173420903,"C"
"1372",26617,41.4774599921907,3.56069458448373,"C"
"1373",26618,41.8182142512124,3.5013173244552,"C"
"1374",26621,41.4440487665907,3.56911899044361,"C"
"1375",26622,41.7934664919731,3.50779093686317,"C"
"1376",26625,41.4069248903339,3.57838983044427,"C"
"1377",26626,41.7099063075391,3.52436681845071,"C"
"1378",26629,41.2884381537908,3.60429613981963,"C"
"1379",26630,41.3125752401521,3.60142080043068,"C"
"1380",26633,41.2762529531616,3.60861281379802,"C"
"1381",26634,41.2389566362445,3.61757645895815,"C"
"1382",26637,41.6599900813478,3.54238509437942,"C"
"1383",26638,41.6642440080181,3.54220077080138,"C"
"1384",26641,41.7181630665638,3.5345570404483,"C"
"1385",26642,41.6366349156228,3.54948517014868,"C"
"1386",26645,41.7098362128561,3.53863582394356,"C"
"1387",26646,41.7367005642873,3.53459310662474,"C"
"1388",26649,41.678926737166,3.54733989239053,"C"
"1389",26650,41.7790334199574,3.53094879909151,"C"
"1390",26653,41.6345615830447,3.5582691393085,"C"
"1391",26654,41.6344459715253,3.56054089383101,"C"
"1392",26657,41.6059861699165,3.56565431135566,"C"
"1393",26658,41.6127824447995,3.56630683356313,"C"
"1394",26661,41.4695370661807,3.59218828962089,"C"
"1395",26662,41.2484710345272,3.63527999257244,"C"
"1396",26665,41.492782463353,3.58902324267442,"C"
"1397",26666,42.1472755010565,3.47707663315333,"C"
"1398",26669,43.1691961274945,3.36073545638439,"C"
"1399",26670,44.2977782209128,3.30159823459187,"C"
"1400",26673,42.5854336593915,3.38573187698342,"C"
"1401",26674,42.6594964786976,3.3824638615257,"C"
"1402",26677,42.8351543492448,3.35141929800106,"C"
"1403",26678,44.1933819478562,3.28791442347054,"C"
"1404",26681,43.0820234238857,3.3304175413182,"C"
"1405",26682,43.8945715318003,3.29111553494696,"C"
"1406",26685,44.4944851700153,3.2859558836513,"C"
"1407",26686,45.806197296507,3.37272202449215,"C"
"1408",26693,46.545957795453,3.48001351213508,"C"
"1409",26694,47.2503056157928,3.60855439499643,"C"
"1410",26697,45.2601350343943,3.325406413531,"C"
"1411",26698,37.2301674739424,4.9083177002879,"D"
"1412",26701,44.4401126729238,3.28434551861917,"C"
"1413",26702,42.4942356104086,3.37064791835356,"C"
"1414",26705,44.6056271027278,3.28865915686734,"C"
"1415",26706,43.4430124392694,3.29322294928042,"C"
"1416",26709,44.7967953556831,3.2961534075074,"C"
"1417",26710,44.0662967397977,3.27804393466998,"C"
"1418",26713,45.014181579419,3.30793267227763,"C"
"1419",26714,44.757976941651,3.29422245272449,"C"
"1420",26717,43.6596740932352,3.28660201840956,"C"
"1421",26718,42.0252864098901,3.42961457250826,"C"
"1422",26721,42.1748581599217,3.40943664944906,"C"
"1423",26722,41.2204258463823,3.56360240112513,"C"
"1424",26725,41.2713310999378,3.55285801564794,"C"
"1425",26726,41.9941891380702,3.43594629814131,"C"
"1426",26729,41.3828454498943,3.52751411993349,"C"
"1427",26730,42.7793263780177,3.34091006846247,"C"
"1428",26733,41.6066201064014,3.48843884617322,"C"
"1429",26734,42.6486682425048,3.35309190039294,"C"
"1430",26737,42.2428051934619,3.38874696348223,"C"
"1431",26738,42.6720478139677,3.34844879183146,"C"
"1432",26741,42.6376636079694,3.34795572390204,"C"
"1433",26742,42.5531850740849,3.36023723822145,"C"
"1434",26745,42.0736724105519,3.41040546294048,"C"
"1435",26746,42.103631024085,3.41223011320249,"C"
"1436",26749,42.4445033306883,3.366186847476,"C"
"1437",26750,42.622496361598,3.35263365788773,"C"
"1438",26753,43.7741067021177,3.28060292006286,"C"
"1439",26754,44.328912058074,3.28042744788875,"C"
"1440",26757,44.9824315794928,3.30547060325478,"C"
"1441",26758,45.6031513735469,3.35301052771615,"C"
"1442",26761,45.0799291854874,3.31129797104103,"C"
"1443",26762,44.7484809053349,3.29235155862145,"C"
"1444",26765,44.3216709799065,3.28007634129388,"C"
"1445",26766,43.5467743200122,3.29032339101815,"C"
"1446",26769,44.0638912729535,3.27885261355757,"C"
"1447",26770,43.6181412416815,3.28604142680921,"C"
"1448",26773,42.5862800682377,3.35698811145325,"C"
"1449",26774,42.401949796027,3.36879036522258,"C"
"1450",26777,41.9920802467447,3.40878366815592,"C"
"1451",26778,41.8184874353396,3.42717205862412,"C"
"1452",26781,43.2088527852226,3.29582369025919,"C"
"1453",26782,44.3265950229894,3.27809034332701,"C"
"1454",26785,44.2752956682658,3.27748609333217,"C"
"1455",26786,44.7406086494002,3.29181154508524,"C"
"1456",26789,41.7387983666624,3.47689290159755,"C"
"1457",26790,40.9783166125865,3.65164096849475,"D"
"1458",26794,41.5754134676087,3.51486983141113,"C"
"1459",26795,41.6209636636747,3.52714411131019,"C"
"1460",26802,41.3803476717149,3.54500613925281,"C"
"1461",26803,41.5487190523452,3.5328427898524,"C"
"1462",26813,39.4857129855234,4.09710880967765,"D"
"1463",26814,39.6395285618688,4.04709303650815,"D"
"1464",26827,39.9202152407183,3.96980256494334,"D"
"1465",26828,39.8280187135513,3.98862975673367,"D"
"1466",26847,40.3184238881766,3.85802793797038,"D"
"1467",26848,40.0466798838716,3.92795295202465,"D"
"1468",26872,40.4702681009535,3.81553028929086,"D"
"1469",26873,40.4321500920649,3.82500036617532,"D"
"1470",26893,40.6059355677806,3.77618229868055,"D"
"1471",26894,40.5833032453999,3.78137395849459,"D"
"1472",26907,40.7617283344185,3.72624521617439,"D"
"1473",26908,40.2799197822877,3.86798462962636,"D"
"1474",26921,39.6819398740819,4.03392499679169,"D"
"1475",26922,39.7628634098066,4.0098710377417,"D"
"1476",26933,40.2173093603491,3.8903058445846,"D"
"1477",26934,40.1420575909443,3.9099117219576,"D"
"1478",26944,41.2398889071887,3.6346592518318,"C"
"1479",26945,41.1298125084103,3.65863970803378,"C"
"1480",26954,41.3470588788801,3.61181874841115,"C"
"1481",26955,41.1002645312843,3.66533207098881,"C"
"1482",26966,38.0888075937112,4.58074169700133,"D"
"1483",26967,38.5369984694192,4.42739625315229,"D"
"1484",26975,41.3647279487605,3.60501831135259,"C"
"1485",26976,41.361906646505,3.60489198889431,"C"
"1486",26984,42.5055804342544,3.39438312791561,"C"
"1487",26985,43.004076758524,3.34189801991958,"C"
"1488",26993,44.0402086402609,3.2965223460206,"C"
"1489",26994,44.0251292651289,3.30453945804386,"C"
"1490",27003,44.6617841764074,3.29416124824638,"C"
"1491",27004,43.8766537120966,3.31209808234371,"C"
"1492",27013,44.426175016348,3.29552562229386,"C"
"1493",27014,43.9914257474438,3.30751652348348,"C"
"1494",27020,44.2741984876404,3.2980116162197,"C"
"1495",27021,43.8022689907732,3.31700652178681,"C"
"1496",27025,44.1485656893976,3.30166588333764,"C"
"1497",27026,43.4617496282763,3.33962648547752,"C"
"1498",27029,43.7312014204482,3.32135527528906,"C"
"1499",27030,43.0166889513314,3.38051556506565,"C"
"1500",27032,43.328436551379,3.35088644296768,"C"
"1501",27033,42.8045768078341,3.40427995428703,"C"
"1502",27035,43.3693143185031,3.34745280710007,"C"
"1503",27036,43.0902062318641,3.37270251187477,"C"
"1504",27038,43.4584017156145,3.34019574273286,"C"
"1505",27039,43.2698468442627,3.35561617481564,"C"
"1506",27041,43.5944944373329,3.33032822695334,"C"
"1507",27042,43.4793744945692,3.33830309503823,"C"
"1508",27044,43.6678020552441,3.32550340556491,"C"
"1509",27045,43.7639034501163,3.31933252646331,"C"
"1510",27047,43.5054699084547,3.3368853601044,"C"
"1511",27048,44.1195336105722,3.30319183818606,"C"
"1512",27050,43.3601775822788,3.34860105344826,"C"
"1513",27051,44.3478726053213,3.29736694241221,"C"
"1514",27053,43.5750352857978,3.33189814740542,"C"
"1515",27054,44.2559418143636,3.29935951606126,"C"
"1516",27056,43.2107774052274,3.36201886698078,"C"
"1517",27057,43.8246761698646,3.31630108634684,"C"
